wineid,pH,density,alcohol,quality,sulfurid,chemicalid,acidityid
0,3.51,0.9978,9.4,5,3200,1600,4800
1,3.2,0.9968,9.8,5,3201,1601,4801
2,3.26,997,9.8,5,3202,1602,4802
3,3.16,998,9.8,6,3203,1603,4803
4,3.51,0.9978,9.4,5,3204,1604,4804
5,3.51,0.9978,9.4,5,3205,1605,4805
6,3.3,0.9964,9.4,5,3206,1606,4806
7,3.39,0.9946,10.0,7,3207,1607,4807
8,3.36,0.9968,9.5,7,3208,1608,4808
9,3.35,0.9978,10.5,5,3209,1609,4809
10,3.28,0.9959,9.2,5,3210,1610,4810
11,3.35,0.9978,10.5,5,3211,1611,4811
12,3.58,0.9943,9.9,5,3212,1612,4812
13,3.26,0.9974,9.1,5,3213,1613,4813
14,3.16,0.9986,9.2,5,3214,1614,4814
15,3.17,0.9986,9.2,5,3215,1615,4815
16,3.3,0.9969,10.5,7,3216,1616,4816
17,3.11,0.9968,9.3,5,3217,1617,4817
18,3.38,0.9974,9.0,4,3218,1618,4818
19,3.04,0.9969,9.2,6,3219,1619,4819
20,3.39,0.9968,9.4,6,3220,1620,4820
21,3.52,0.9982,9.7,5,3221,1621,4821
22,3.17,0.9966,9.5,5,3222,1622,4822
23,3.17,0.9968,9.4,5,3223,1623,4823
24,3.43,0.9968,9.7,6,3224,1624,4824
25,3.34,0.9955,9.3,5,3225,1625,4825
26,3.28,0.9962,9.5,5,3226,1626,4826
27,3.17,0.9966,9.5,5,3227,1627,4827
28,3.47,0.9972,9.4,5,3228,1628,4828
29,3.38,0.9964,9.8,6,3229,1629,4829
30,3.35,0.9958,10.1,5,3230,1630,4830
31,3.46,0.9966,10.6,6,3231,1631,4831
32,3.17,0.9966,9.8,5,3232,1632,4832
33,3.45,0.9993,9.4,6,3233,1633,4833
34,3.38,0.9957,9.2,5,3234,1634,4834
35,3.4,0.9986,9.6,6,3235,1635,4835
36,3.42,0.9975,10.8,6,3236,1636,4836
37,3.23,0.9968,9.7,7,3237,1637,4837
38,3.5,994,9.8,4,3238,1638,4838
39,3.33,0.9978,10.5,5,3239,1639,4839
40,3.33,0.9978,10.5,5,3240,1640,4840
41,3.26,0.9976,9.3,4,3241,1641,4841
42,3.21,0.9968,10.5,6,3242,1642,4842
43,3.3,0.9968,10.3,5,3243,1643,4843
44,3.48,0.9962,9.5,5,3244,1644,4844
45,3.9,0.9934,13.1,4,3245,1645,4845
46,3.25,997,9.2,5,3246,1646,4846
47,3.25,0.9969,9.5,5,3247,1647,4847
48,3.34,0.9958,9.2,5,3248,1648,4848
49,3.32,0.9954,9.2,5,3249,1649,4849
50,3.15,0.9971,9.2,5,3250,1650,4850
51,3.4,0.9956,9.4,6,3251,1651,4851
52,3.39,0.9955,9.4,6,3252,1652,4852
53,3.2,997,9.4,5,3253,1653,4853
54,3.17,0.9955,10.2,6,3254,1654,4854
55,3.34,0.9978,9.5,5,3255,1655,4855
56,3.04,0.9971,9.6,5,3256,1656,4856
57,3.26,0.9983,9.4,5,3257,1657,4857
58,3.43,0.9975,10.0,5,3258,1658,4858
59,3.41,0.9962,9.4,6,3259,1659,4859
60,3.44,998,9.2,5,3260,1660,4860
61,3.21,0.9968,9.3,5,3261,1661,4861
62,3.38,0.9968,9.5,7,3262,1662,4862
63,3.39,0.9966,9.8,5,3263,1663,4863
64,3.41,0.9962,10.9,5,3264,1664,4864
65,3.41,0.9962,10.9,5,3265,1665,4865
66,3.42,0.9968,9.6,5,3266,1666,4866
67,3.44,0.9962,10.7,5,3267,1667,4867
68,3.28,0.9969,10.7,5,3268,1668,4868
69,3.34,0.9962,10.5,6,3269,1669,4869
70,3.32,0.9967,9.5,6,3270,1670,4870
71,3.32,0.9962,9.5,5,3271,1671,4871
72,3.31,0.9961,9.5,5,3272,1672,4872
73,3.31,0.9976,9.2,4,3273,1673,4873
74,3.28,0.9984,9.6,5,3274,1674,4874
75,3.54,0.9986,10.5,5,3275,1675,4875
76,3.54,0.9986,10.5,5,3276,1676,4876
77,3.52,0.9966,10.7,6,3277,1677,4877
78,3.38,0.9958,10.1,5,3278,1678,4878
79,3.16,0.9972,9.1,4,3279,1679,4879
80,3.41,0.9958,9.2,5,3280,1680,4880
81,3.13,0.9974,9.4,5,3281,1681,4881
82,3.36,997,9.1,5,3282,1682,4882
83,3.16,0.9969,9.4,5,3283,1683,4883
84,3.44,0.9959,10.3,6,3284,1684,4884
85,3.41,0.9961,10.1,5,3285,1685,4885
86,2.93,0.9972,9.9,6,3286,1686,4886
87,3.39,0.9966,9.6,5,3287,1687,4887
88,3.14,0.9978,9.5,5,3288,1688,4888
89,3.48,0.9978,9.0,5,3289,1689,4889
90,3.23,0.9964,9.5,5,3290,1690,4890
91,2.93,0.9972,9.9,6,3291,1691,4891
92,2.93,0.9972,9.8,5,3292,1692,4892
93,3.39,0.9966,9.6,5,3293,1693,4893
94,3.75,0.9938,10.5,4,3294,1694,4894
95,3.85,0.9932,12.9,6,3295,1695,4895
96,3.45,0.9965,10.7,5,3296,1696,4896
97,3.25,0.9963,9.2,5,3297,1697,4897
98,3.39,0.9967,9.8,5,3298,1698,4898
99,3.3,0.9972,9.0,6,3299,1699,4899
100,3.4,0.9972,10.2,6,3300,1700,4900
101,3.31,0.9959,10.4,6,3301,1701,4901
102,3.3,0.9972,9.0,6,3302,1702,4902
103,3.29,0.9967,9.2,5,3303,1703,4903
104,3.33,996,9.4,5,3304,1704,4904
105,3.29,0.9967,9.2,5,3305,1705,4905
106,3.08,0.9973,9.3,5,3306,1706,4906
107,3.46,0.9969,9.3,5,3307,1707,4907
108,3.37,0.9976,9.6,6,3308,1708,4908
109,3.21,0.9969,9.3,5,3309,1709,4909
110,3.19,0.9964,9.5,5,3310,1710,4910
111,3.15,0.9964,9.8,5,3311,1711,4911
112,3.15,0.9964,9.8,5,3312,1712,4912
113,3.32,0.9988,9.7,6,3313,1713,4913
114,3.19,0.9964,9.5,5,3314,1714,4914
115,3.07,0.9966,10.5,6,3315,1715,4915
116,3.39,0.9978,10.0,6,3316,1716,4916
117,3.37,997,9.4,6,3317,1717,4917
118,3.21,0.9962,10.9,6,3318,1718,4918
119,3.34,0.9959,9.2,6,3319,1719,4919
120,3.3,0.9962,9.0,5,3320,1720,4920
121,3.21,0.9962,10.9,6,3321,1721,4921
122,3.49,998,9.2,5,3322,1722,4922
123,3.44,0.9976,9.5,5,3323,1723,4923
124,3.39,996,9.5,5,3324,1724,4924
125,3.16,0.9984,9.4,5,3325,1725,4925
126,3.53,0.9964,10.9,5,3326,1726,4926
127,3.54,0.9964,10.9,5,3327,1727,4927
128,3.42,0.9962,10.5,7,3328,1728,4928
129,3.42,0.9955,9.4,5,3329,1729,4929
130,3.24,0.9968,9.4,5,3330,1730,4930
131,3.63,0.9937,13.0,5,3331,1731,4931
132,3.63,0.9937,13.0,5,3332,1732,4932
133,3.4,0.9952,9.8,6,3333,1733,4933
134,3.22,0.9959,9.9,6,3334,1734,4934
135,3.19,0.9965,9.6,5,3335,1735,4935
136,3.23,0.9968,9.5,5,3336,1736,4936
137,3.48,0.9972,9.2,5,3337,1737,4937
138,3.33,0.9962,9.5,5,3338,1738,4938
139,3.32,0.9962,9.5,5,3339,1739,4939
140,3.19,0.9965,9.6,5,3340,1740,4940
141,3.23,0.9968,9.5,5,3341,1741,4941
142,3.68,0.9916,14.0,6,3342,1742,4942
143,3.34,0.9954,9.4,5,3343,1743,4943
144,3.68,0.9916,14.0,6,3344,1744,4944
145,3.17,0.9968,9.4,5,3345,1745,4945
146,3.54,0.9944,10.0,5,3346,1746,4946
147,3.11,0.9968,9.3,5,3347,1747,4947
148,3.42,0.9959,10.2,6,3348,1748,4948
149,3.53,0.9975,10.5,6,3349,1749,4949
150,3.33,0.9958,10.3,6,3350,1750,4950
151,2.74,0.9996,9.4,4,3351,1751,4951
152,3.35,995,10.1,5,3352,1752,4952
153,3.35,995,10.1,5,3353,1753,4953
154,3.42,0.9973,10.5,5,3354,1754,4954
155,3.42,0.9973,10.5,5,3355,1755,4955
156,3.42,0.9973,10.5,5,3356,1756,4956
157,3.42,0.9973,10.5,5,3357,1757,4957
158,3.48,0.9969,9.3,5,3358,1758,4958
159,3.59,0.9968,9.3,6,3359,1759,4959
160,3.2,0.9959,9.6,5,3360,1760,4960
161,3.17,0.9965,9.2,4,3361,1761,4961
162,3.33,0.9964,10.0,6,3362,1762,4962
163,3.37,0.9982,9.4,5,3363,1763,4963
164,3.37,0.9981,9.4,5,3364,1764,4964
165,3.19,0.9961,9.5,5,3365,1765,4965
166,3.34,0.9956,10.2,5,3366,1766,4966
167,3.37,0.9956,9.0,4,3367,1767,4967
168,3.47,0.9953,10.4,6,3368,1768,4968
169,3.0,0.9964,9.5,5,3369,1769,4969
170,3.36,0.9972,9.1,4,3370,1770,4970
171,3.29,0.9972,9.2,6,3371,1771,4971
172,3.29,0.9972,9.2,6,3372,1772,4972
173,3.42,0.9961,11.5,6,3373,1773,4973
174,3.33,0.9961,9.5,5,3374,1774,4974
175,3.35,0.9958,9.5,5,3375,1775,4975
176,3.33,0.9961,9.5,5,3376,1776,4976
177,3.58,0.9972,10.5,6,3377,1777,4977
178,3.48,0.9969,9.6,5,3378,1778,4978
179,3.19,0.9969,9.5,5,3379,1779,4979
180,3.19,0.9969,9.5,5,3380,1780,4980
181,3.12,0.9972,9.3,5,3381,1781,4981
182,3.44,0.9972,9.3,5,3382,1782,4982
183,3.54,0.9971,9.3,5,3383,1783,4983
184,3.52,997,9.3,6,3384,1784,4984
185,3.26,0.9971,9.7,5,3385,1785,4985
186,3.34,0.9972,9.2,5,3386,1786,4986
187,3.39,0.9976,9.7,5,3387,1787,4987
188,3.2,0.9968,9.5,5,3388,1788,4988
189,3.2,0.9968,9.5,5,3389,1789,4989
190,3.23,0.9976,9.4,5,3390,1790,4990
191,3.57,0.9974,9.8,6,3391,1791,4991
192,3.28,0.9969,9.5,5,3392,1792,4992
193,3.28,0.9964,9.7,5,3393,1793,4993
194,3.28,0.9964,9.7,5,3394,1794,4994
195,3.25,0.9968,9.4,5,3395,1795,4995
196,3.46,0.9968,10.2,5,3396,1796,4996
197,3.11,0.9981,10.1,6,3397,1797,4997
198,3.57,0.9924,13.0,7,3398,1798,4998
199,3.51,0.9948,11.4,4,3399,1799,4999
200,3.22,0.99695,10.3,7,3400,1800,5000
201,3.04,0.9975,9.3,5,3401,1801,5001
202,3.36,0.99545,9.5,5,3402,1802,5002
203,3.34,0.9961,9.2,5,3403,1803,5003
204,3.34,0.99615,9.2,6,3404,1804,5004
205,3.2,0.9994,10.8,7,3405,1805,5005
206,3.2,0.9994,10.8,7,3406,1806,5006
207,3.29,0.99625,9.3,5,3407,1807,5007
208,3.22,0.9966,9.4,5,3408,1808,5008
209,3.31,998,10.5,7,3409,1809,5009
210,3.3,0.99585,12.4,6,3410,1810,5010
211,3.35,0.99685,10.0,6,3411,1811,5011
212,3.21,998,10.2,6,3412,1812,5012
213,3.3,0.9959,10.1,5,3413,1813,5013
214,3.24,0.9974,9.8,6,3414,1814,5014
215,3.34,0.9974,10.5,5,3415,1815,5015
216,3.14,0.9962,11.0,5,3416,1816,5016
217,3.36,0.9967,9.1,5,3417,1817,5017
218,3.39,0.9957,9.7,5,3418,1818,5018
219,3.3,0.99655,9.5,5,3419,1819,5019
220,3.34,0.9964,9.4,6,3420,1820,5020
221,3.15,0.9957,9.4,5,3421,1821,5021
222,3.42,0.99525,9.5,5,3422,1822,5022
223,3.28,0.99815,10.0,6,3423,1823,5023
224,3.31,0.99745,10.4,4,3424,1824,5024
225,3.37,0.99615,10.5,6,3425,1825,5025
226,3.04,0.9964,9.5,6,3426,1826,5026
227,3.39,0.9984,9.8,5,3427,1827,5027
228,3.37,0.99615,10.5,6,3428,1828,5028
229,3.46,0.99685,11.0,5,3429,1829,5029
230,3.54,0.9927,12.2,7,3430,1830,5030
231,3.37,0.99625,9.9,6,3431,1831,5031
232,3.34,998,9.6,6,3432,1832,5032
233,3.46,0.99685,11.0,5,3433,1833,5033
234,3.32,0.99685,9.0,6,3434,1834,5034
235,3.37,0.99675,9.0,6,3435,1835,5035
236,3.37,0.99675,9.0,6,3436,1836,5036
237,3.37,0.99675,9.2,6,3437,1837,5037
238,3.37,0.99675,9.0,6,3438,1838,5038
239,3.32,0.99685,9.0,6,3439,1839,5039
240,3.0,0.9971,9.3,5,3440,1840,5040
241,3.14,0.99925,10.9,6,3441,1841,5041
242,3.08,0.99565,9.8,6,3442,1842,5042
243,3.07,1.00005,9.2,7,3443,1843,5043
244,3.07,1.00005,9.2,7,3444,1844,5044
245,3.61,0.9983,9.9,6,3445,1845,5045
246,3.38,0.99685,9.5,5,3446,1846,5046
247,3.2,0.9963,9.3,5,3447,1847,5047
248,3.35,0.99615,9.8,6,3448,1848,5048
249,3.61,0.9983,9.9,6,3449,1849,5049
250,3.22,0.9985,10.0,6,3450,1850,5050
251,3.47,0.9972,9.9,6,3451,1851,5051
252,3.17,0.9986,10.5,5,3452,1852,5052
253,3.23,0.9959,9.5,5,3453,1853,5053
254,3.47,0.9972,9.9,6,3454,1854,5054
255,3.26,0.99675,9.3,5,3455,1855,5055
256,3.22,998,9.2,5,3456,1856,5056
257,3.49,0.9968,9.2,5,3457,1857,5057
258,3.06,0.9968,9.4,5,3458,1858,5058
259,3.36,0.99965,10.5,7,3459,1859,5059
260,3.29,0.99625,9.3,5,3460,1860,5060
261,3.35,0.99565,9.4,4,3461,1861,5061
262,3.34,0.99575,10.0,5,3462,1862,5062
263,3.28,0.9963,9.3,5,3463,1863,5063
264,3.08,0.9999,10.9,5,3464,1864,5064
265,3.2,0.9968,10.2,7,3465,1865,5065
266,3.6,1.00025,9.8,4,3466,1866,5066
267,3.35,0.9973,12.8,8,3467,1867,5067
268,3.69,0.9987,9.4,6,3468,1868,5068
269,3.28,0.9996,10.1,6,3469,1869,5069
270,3.36,0.9965,10.7,6,3470,1870,5070
271,3.28,0.9996,10.1,6,3471,1871,5071
272,3.22,0.99935,10.1,5,3472,1872,5072
273,3.31,0.99735,9.4,5,3473,1873,5073
274,3.38,0.99915,9.4,5,3474,1874,5074
275,3.36,0.9965,10.7,6,3475,1875,5075
276,3.69,0.9987,9.4,6,3476,1876,5076
277,3.28,0.9996,10.1,6,3477,1877,5077
278,3.23,0.9976,12.6,8,3478,1878,5078
279,3.38,0.9991,10.5,7,3479,1879,5079
280,3.12,0.9986,9.3,6,3480,1880,5080
281,3.25,0.9972,9.9,7,3481,1881,5081
282,3.36,0.9971,9.1,5,3482,1882,5082
283,3.38,0.9991,10.5,7,3483,1883,5083
284,3.31,1.00015,9.8,5,3484,1884,5084
285,3.31,1.00015,9.8,5,3485,1885,5085
286,3.1,0.9997,10.3,6,3486,1886,5086
287,3.37,0.9967,10.3,6,3487,1887,5087
288,3.34,0.9976,10.6,7,3488,1888,5088
289,3.2,1001,9.2,5,3489,1889,5089
290,3.34,0.9976,10.6,7,3490,1890,5090
291,3.3,0.9979,10.5,5,3491,1891,5091
292,3.22,0.9994,10.3,6,3492,1892,5092
293,3.41,0.9964,10.1,6,3493,1893,5093
294,3.05,1.0014,9.5,6,3494,1894,5094
295,3.05,1.0001,9.5,5,3495,1895,5095
296,3.16,0.9981,9.9,5,3496,1896,5096
297,3.67,0.99855,9.6,5,3497,1897,5097
298,3.67,0.9993,9.7,5,3498,1898,5098
299,3.68,0.99845,9.6,5,3499,1899,5099
300,3.38,0.9965,10.7,6,3500,1900,5100
301,3.22,0.9973,10.1,6,3501,1901,5101
302,3.51,0.9994,10.0,5,3502,1902,5102
303,3.39,996,9.5,5,3503,1903,5103
304,3.2,0.9973,9.2,5,3504,1904,5104
305,3.12,0.9998,9.3,6,3505,1905,5105
306,3.36,0.9966,9.4,5,3506,1906,5106
307,3.19,0.9994,9.5,6,3507,1907,5107
308,3.19,0.9994,9.5,6,3508,1908,5108
309,3.41,0.9968,9.5,6,3509,1909,5109
310,3.12,0.9998,9.3,6,3510,1910,5110
311,3.27,996,9.4,6,3511,1911,5111
312,3.32,0.99815,9.5,6,3512,1912,5112
313,3.3,0.9976,9.4,5,3513,1913,5113
314,3.39,0.99645,11.0,5,3514,1914,5114
315,3.42,0.9962,11.0,6,3515,1915,5115
316,3.3,0.9996,10.1,5,3516,1916,5116
317,3.3,0.99865,10.4,6,3517,1917,5117
318,3.37,0.9989,11.5,7,3518,1918,5118
319,3.3,0.99865,10.4,6,3519,1919,5119
320,3.37,0.9989,11.5,7,3520,1920,5120
321,3.24,0.99975,9.7,5,3521,1921,5121
322,3.29,0.99735,9.3,5,3522,1922,5122
323,3.28,999,9.5,6,3523,1923,5123
324,3.16,1.0015,9.2,6,3524,1924,5124
325,3.16,1.0015,9.2,6,3525,1925,5125
326,3.05,0.9978,11.5,7,3526,1926,5126
327,3.28,998,11.5,5,3527,1927,5127
328,3.16,1.0002,9.7,6,3528,1928,5128
329,3.18,0.9981,9.5,5,3529,1929,5129
330,3.23,998,12.5,6,3530,1930,5130
331,3.23,998,12.5,6,3531,1931,5131
332,3.22,0.9973,9.4,6,3532,1932,5132
333,3.13,0.9958,11.0,5,3533,1933,5133
334,3.34,0.9963,11.7,7,3534,1934,5134
335,3.17,0.9992,12.2,7,3535,1935,5135
336,3.35,0.9948,12.5,6,3536,1936,5136
337,3.31,0.9974,10.3,5,3537,1937,5137
338,3.16,1.0008,11.5,6,3538,1938,5138
339,3.11,0.9997,9.8,7,3539,1939,5139
340,3.12,1.0,9.2,6,3540,1940,5140
341,3.21,0.9972,11.3,6,3541,1941,5141
342,3.3,0.9982,9.8,6,3542,1942,5142
343,3.3,0.9982,9.8,6,3543,1943,5143
344,3.12,1.0006,10.7,6,3544,1944,5144
345,3.6,0.9979,9.9,5,3545,1945,5145
346,3.58,0.9955,12.3,7,3546,1946,5146
347,3.02,0.9986,12.0,6,3547,1947,5147
348,3.11,0.9979,10.0,6,3548,1948,5148
349,3.36,0.9994,9.4,6,3549,1949,5149
350,3.28,1.0004,9.9,6,3550,1950,5150
351,3.35,0.9994,9.4,6,3551,1951,5151
352,3.27,0.9974,9.3,5,3552,1952,5152
353,3.18,1.0018,13.0,5,3553,1953,5153
354,3.25,0.9912,11.9,6,3554,1954,5154
355,3.55,0.9955,12.8,6,3555,1955,5155
356,3.26,1.0001,11.0,5,3556,1956,5156
357,3.24,997,11.7,7,3557,1957,5157
358,3.15,1.0,10.4,7,3558,1958,5158
359,3.17,1001,9.8,6,3559,1959,5159
360,3.19,0.9973,9.4,5,3560,1960,5160
361,3.37,0.9982,9.9,6,3561,1961,5161
362,3.05,0.9992,10.0,5,3562,1962,5162
363,2.99,0.9988,10.2,5,3563,1963,5163
364,3.07,1.0022,10.0,7,3564,1964,5164
365,3.26,0.9979,11.8,6,3565,1965,5165
366,3.07,1.0022,10.0,7,3566,1966,5166
367,3.16,1.0,9.0,5,3567,1967,5167
368,3.18,0.9998,9.4,5,3568,1968,5168
369,3.2,0.9962,12.0,7,3569,1969,5169
370,3.57,0.9975,9.9,5,3570,1970,5170
371,3.32,0.9967,8.7,6,3571,1971,5171
372,3.32,0.9967,10.6,6,3572,1972,5172
373,3.05,0.9959,9.2,5,3573,1973,5173
374,3.01,1.0014,10.8,6,3574,1974,5174
375,3.01,0.9984,11.8,7,3575,1975,5175
376,3.26,1.0003,11.0,6,3576,1976,5176
377,3.2,0.9962,12.0,7,3577,1977,5177
378,3.11,0.9988,13.3,6,3578,1978,5178
379,3.31,0.9979,10.8,6,3579,1979,5179
380,3.21,0.9974,9.4,6,3580,1980,5180
381,3.06,1.0014,10.0,6,3581,1981,5181
382,3.21,0.9974,9.4,6,3582,1982,5182
383,3.21,0.9974,9.4,6,3583,1983,5183
384,3.42,998,9.2,5,3584,1984,5184
385,3.43,0.9979,9.7,6,3585,1985,5185
386,3.41,0.9981,9.2,6,3586,1986,5186
387,3.31,0.9972,9.6,6,3587,1987,5187
388,3.43,0.9981,9.2,6,3588,1988,5188
389,3.19,0.9982,10.0,7,3589,1989,5189
390,3.56,0.9924,12.9,8,3590,1990,5190
391,3.06,1.0014,10.0,6,3591,1991,5191
392,3.18,998,9.5,5,3592,1992,5192
393,3.16,997,9.1,5,3593,1993,5193
394,3.03,0.9997,9.9,5,3594,1994,5194
395,3.22,1.0004,13.0,7,3595,1995,5195
396,3.47,0.9994,9.9,5,3596,1996,5196
397,3.18,0.9988,11.0,6,3597,1997,5197
398,3.18,0.9988,11.0,6,3598,1998,5198
399,3.1,0.9963,9.4,5,3599,1999,5199
400,3.47,0.9994,9.9,5,3600,2000,5200
401,3.29,0.9949,10.8,6,3601,2001,5201
402,3.1,1.0,10.5,6,3602,2002,5202
403,3.15,0.9994,10.5,6,3603,2003,5203
404,3.26,0.9974,9.1,5,3604,2004,5204
405,3.36,0.9966,10.1,6,3605,2005,5205
406,3.24,0.9981,10.8,6,3606,2006,5206
407,3.18,0.9996,10.8,7,3607,2007,5207
408,3.19,997,11.3,6,3608,2008,5208
409,3.05,0.9981,9.6,4,3609,2009,5209
410,3.38,0.9987,9.5,6,3610,2010,5210
411,3.38,0.9987,9.5,5,3611,2011,5211
412,3.27,0.9966,9.3,5,3612,2012,5212
413,3.27,0.9986,11.7,7,3613,2013,5213
414,3.26,0.9982,9.5,5,3614,2014,5214
415,3.32,1.0014,9.3,5,3615,2015,5215
416,3.26,997,11.7,6,3616,2016,5216
417,3.44,0.9956,10.5,5,3617,2017,5217
418,3.24,0.9996,10.4,6,3618,2018,5218
419,3.62,0.9976,9.9,5,3619,2019,5219
420,3.28,0.9972,11.8,7,3620,2020,5220
421,3.52,0.9952,12.3,7,3621,2021,5221
422,3.36,0.9955,10.9,5,3622,2022,5222
423,3.15,0.9978,11.0,7,3623,2023,5223
424,3.36,0.9955,10.9,5,3624,2024,5224
425,3.52,0.9952,12.3,7,3625,2025,5225
426,3.49,0.9949,11.4,6,3626,2026,5226
427,3.26,0.9988,10.6,6,3627,2027,5227
428,3.24,0.9978,9.3,5,3628,2028,5228
429,3.1,0.9997,10.4,6,3629,2029,5229
430,3.15,0.9978,11.0,7,3630,2030,5230
431,3.25,0.9974,9.2,5,3631,2031,5231
432,3.0,0.9958,12.8,6,3632,2032,5232
433,3.16,1.0004,9.5,5,3633,2033,5233
434,3.15,0.9996,9.9,6,3634,2034,5234
435,3.16,1.0004,9.5,5,3635,2035,5235
436,3.26,0.9958,10.2,6,3636,2036,5236
437,3.17,0.9986,11.2,6,3637,2037,5237
438,3.15,0.9996,9.9,6,3638,2038,5238
439,3.08,0.9951,9.3,5,3639,2039,5239
440,2.88,0.9987,9.8,8,3640,2040,5240
441,3.06,0.9988,11.3,6,3641,2041,5241
442,2.95,1.0032,11.2,7,3642,2042,5242
443,3.23,0.9963,11.6,7,3643,2043,5243
444,3.57,0.9934,12.5,7,3644,2044,5244
445,3.23,0.9986,10.1,6,3645,2045,5245
446,3.1,0.9996,10.5,5,3646,2046,5246
447,3.22,0.9968,11.2,5,3647,2047,5247
448,3.2,0.9967,10.2,6,3648,2048,5248
449,3.1,0.9994,10.8,6,3649,2049,5249
450,3.1,0.9994,10.8,6,3650,2050,5250
451,3.06,0.9979,9.1,6,3651,2051,5251
452,3.44,0.9968,10.0,6,3652,2052,5252
453,3.26,0.9998,11.2,7,3653,2053,5253
454,3.5,0.9952,11.1,5,3654,2054,5254
455,3.22,0.9988,13.4,8,3655,2055,5255
456,3.37,0.9986,10.3,5,3656,2056,5256
457,3.28,0.9988,9.6,5,3657,2057,5257
458,3.26,0.9998,11.2,7,3658,2058,5258
459,3.25,1.0008,9.0,3,3659,2059,5259
460,3.35,0.9976,11.3,6,3660,2060,5260
461,3.26,0.9982,9.3,5,3661,2061,5261
462,3.18,997,11.8,5,3662,2062,5262
463,3.08,0.9972,9.0,5,3663,2063,5263
464,2.98,0.9987,9.2,6,3664,2064,5264
465,3.48,1.0006,9.7,5,3665,2065,5265
466,3.16,0.9982,11.5,6,3666,2066,5266
467,3.32,0.9947,14.0,6,3667,2067,5267
468,3.17,1.0,9.2,6,3668,2068,5268
469,3.2,0.9952,9.8,5,3669,2069,5269
470,3.05,0.9996,10.6,5,3670,2070,5270
471,3.2,997,11.4,6,3671,2071,5271
472,3.15,0.9995,10.4,6,3672,2072,5272
473,3.26,0.9971,10.6,5,3673,2073,5273
474,3.2,0.9982,9.4,6,3674,2074,5274
475,3.14,0.9988,10.2,5,3675,2075,5275
476,3.28,998,9.7,5,3676,2076,5276
477,3.18,0.9977,11.0,6,3677,2077,5277
478,3.14,0.9988,10.2,5,3678,2078,5278
479,3.19,0.9984,10.1,6,3679,2079,5279
480,3.12,1.0026,9.2,5,3680,2080,5280
481,3.15,0.9964,11.7,8,3681,2081,5281
482,3.04,0.9986,9.4,5,3682,2082,5282
483,3.04,0.9986,9.4,5,3683,2083,5283
484,3.06,997,13.4,6,3684,2084,5284
485,3.17,0.9976,10.0,5,3685,2085,5285
486,3.17,0.9976,10.0,5,3686,2086,5286
487,3.17,0.9982,10.0,6,3687,2087,5287
488,3.32,1.0002,10.8,7,3688,2088,5288
489,3.34,0.9984,10.2,6,3689,2089,5289
490,3.31,0.9984,10.6,6,3690,2090,5290
491,3.34,0.9952,13.3,7,3691,2091,5291
492,3.32,995,13.4,7,3692,2092,5292
493,3.48,1.0002,11.6,6,3693,2093,5293
494,3.44,0.9952,12.1,6,3694,2094,5294
495,3.15,0.9972,11.0,8,3695,2095,5295
496,3.43,0.9984,9.0,6,3696,2096,5296
497,3.32,0.9966,11.1,5,3697,2097,5297
498,3.15,0.9972,11.0,8,3698,2098,5298
499,3.48,1.0002,11.6,6,3699,2099,5299
500,3.43,0.9984,9.0,6,3700,2100,5300
501,3.17,999,12.0,7,3701,2101,5301
502,3.17,999,12.0,7,3702,2102,5302
503,3.18,0.9976,10.9,7,3703,2103,5303
504,3.21,0.9976,10.8,7,3704,2104,5304
505,3.16,0.9968,12.5,7,3705,2105,5305
506,3.25,0.9976,10.8,7,3706,2106,5306
507,3.17,1.0,9.5,6,3707,2107,5307
508,3.18,0.9994,10.2,6,3708,2108,5308
509,3.04,0.9986,11.4,7,3709,2109,5309
510,3.02,0.9978,9.5,5,3710,2110,5310
511,3.18,0.9994,10.2,6,3711,2111,5311
512,3.03,998,9.7,6,3712,2112,5312
513,3.09,0.9973,11.8,7,3713,2113,5313
514,3.09,0.9973,11.8,7,3714,2114,5314
515,3.31,1001,9.3,5,3715,2115,5315
516,3.25,1001,11.9,6,3716,2116,5316
517,3.16,0.9994,8.4,3,3717,2117,5317
518,3.22,0.9972,11.7,6,3718,2118,5318
519,3.36,0.9966,11.0,5,3719,2119,5319
520,3.42,0.9982,10.0,6,3720,2120,5320
521,3.48,998,9.1,5,3721,2121,5321
522,3.38,0.9979,9.8,5,3722,2122,5322
523,3.22,0.9978,9.4,5,3723,2123,5323
524,3.23,0.9976,9.5,5,3724,2124,5324
525,3.24,0.9998,9.9,5,3725,2125,5325
526,3.36,0.9966,11.0,5,3726,2126,5326
527,3.39,0.9962,11.4,6,3727,2127,5327
528,3.34,0.9988,8.7,6,3728,2128,5328
529,3.09,0.9974,9.4,5,3729,2129,5329
530,3.41,999,10.3,6,3730,2130,5330
531,3.16,1.0004,10.3,5,3731,2131,5331
532,3.16,1.0004,10.3,5,3732,2132,5332
533,3.22,0.9956,12.8,6,3733,2133,5333
534,3.28,1.0,10.0,6,3734,2134,5334
535,3.41,999,10.3,6,3735,2135,5335
536,3.09,0.9974,9.4,5,3736,2136,5336
537,3.37,0.9972,10.7,6,3737,2137,5337
538,3.2,1.0014,12.0,7,3738,2138,5338
539,3.22,0.9996,11.2,5,3739,2139,5339
540,3.26,0.9988,9.6,5,3740,2140,5340
541,3.21,0.9988,11.0,6,3741,2141,5341
542,3.12,0.9966,9.9,5,3742,2142,5342
543,3.06,0.9993,11.0,6,3743,2143,5343
544,2.86,1.0008,8.4,6,3744,2144,5344
545,3.08,0.9982,9.1,5,3745,2145,5345
546,3.45,0.9983,9.5,6,3746,2146,5346
547,3.26,0.9987,10.7,6,3747,2147,5347
548,3.12,0.9994,10.4,6,3748,2148,5348
549,3.27,0.9975,9.4,6,3749,2149,5349
550,3.33,0.9958,9.5,6,3750,2150,5350
551,3.19,998,10.0,6,3751,2151,5351
552,3.12,998,10.0,6,3752,2152,5352
553,3.74,0.9934,11.5,5,3753,2153,5353
554,2.92,1.00315,11.1,5,3754,2154,5354
555,2.92,1.00315,11.1,5,3755,2155,5355
556,3.07,1.0002,11.7,6,3756,2156,5356
557,2.92,1.00315,11.1,5,3757,2157,5357
558,3.07,1.0002,11.7,6,3758,2158,5358
559,3.3,1.0021,12.7,6,3759,2159,5359
560,3.14,0.9994,11.4,5,3760,2160,5360
561,3.23,0.9978,9.2,5,3761,2161,5361
562,3.08,0.9982,9.2,5,3762,2162,5362
563,3.31,0.9971,10.1,6,3763,2163,5363
564,3.3,1.0021,12.7,6,3764,2164,5364
565,3.14,0.9994,11.4,5,3765,2165,5365
566,3.32,0.9991,9.0,6,3766,2166,5366
567,3.32,0.9991,9.0,6,3767,2167,5367
568,3.31,999,10.7,6,3768,2168,5368
569,3.57,0.9946,11.7,6,3769,2169,5369
570,3.32,1.0003,11.0,6,3770,2170,5370
571,3.57,0.9946,11.7,6,3771,2171,5371
572,3.14,0.9978,10.4,5,3772,2172,5372
573,3.3,0.9991,9.6,4,3773,2173,5373
574,3.19,0.9992,10.0,6,3774,2174,5374
575,3.2,0.9993,10.2,6,3775,2175,5375
576,3.34,0.9978,10.0,4,3776,2176,5376
577,3.3,0.9982,9.5,5,3777,2177,5377
578,3.29,0.9982,9.8,5,3778,2178,5378
579,3.14,0.9976,9.8,6,3779,2179,5379
580,3.19,1.0002,9.6,5,3780,2180,5380
581,3.19,1.0002,9.6,5,3781,2181,5381
582,3.19,1.0,9.2,5,3782,2182,5382
583,2.98,0.9976,9.9,7,3783,2183,5383
584,3.3,1.0002,10.7,7,3784,2184,5384
585,3.47,998,9.6,6,3785,2185,5385
586,3.12,0.9986,10.6,7,3786,2186,5386
587,3.26,0.9967,9.3,5,3787,2187,5387
588,3.72,0.9917,14.0,8,3788,2188,5388
589,3.05,0.9976,10.5,7,3789,2189,5389
590,3.35,0.9987,9.7,5,3790,2190,5390
591,3.12,0.9922,11.5,6,3791,2191,5391
592,3.35,0.9987,9.7,5,3792,2192,5392
593,3.29,1.0004,9.0,5,3793,2193,5393
594,3.4,0.9978,9.5,5,3794,2194,5394
595,3.27,0.9998,9.3,5,3795,2195,5395
596,3.04,0.9994,9.3,6,3796,2196,5396
597,3.09,998,10.0,6,3797,2197,5397
598,3.2,0.9967,9.8,6,3798,2198,5398
599,3.0,1.0,9.3,6,3799,2199,5399
600,3.26,0.9962,10.0,4,3800,2200,5400
601,3.1,1.0006,9.0,6,3801,2201,5401
602,3.3,0.9975,9.3,5,3802,2202,5402
603,3.1,1.0006,9.0,6,3803,2203,5403
604,3.17,0.9984,9.1,6,3804,2204,5404
605,3.31,0.9984,9.2,6,3805,2205,5405
606,3.34,0.9973,12.2,7,3806,2206,5406
607,3.31,0.9982,10.5,6,3807,2207,5407
608,3.32,1.0026,10.4,6,3808,2208,5408
609,3.56,0.9956,12.7,6,3809,2209,5409
610,3.39,0.9983,9.2,5,3810,2210,5410
611,2.98,1.0006,9.4,5,3811,2211,5411
612,3.32,0.9965,10.0,6,3812,2212,5412
613,3.26,0.9962,9.8,5,3813,2213,5413
614,2.87,0.9969,10.2,6,3814,2214,5414
615,3.5,0.9997,9.7,5,3815,2215,5415
616,3.5,0.9997,9.7,5,3816,2216,5416
617,3.03,0.9982,9.8,6,3817,2217,5417
618,3.13,1.0006,10.2,5,3818,2218,5418
619,3.09,0.9988,9.3,5,3819,2219,5419
620,3.27,0.9976,9.4,5,3820,2220,5420
621,3.28,0.9976,9.4,5,3821,2221,5421
622,3.13,0.9974,9.5,5,3822,2222,5422
623,3.49,0.9974,12.1,6,3823,2223,5423
624,3.46,0.9997,10.2,5,3824,2224,5424
625,3.46,0.9997,10.2,5,3825,2225,5425
626,3.36,0.9988,9.1,5,3826,2226,5426
627,3.36,0.9988,9.1,5,3827,2227,5427
628,3.27,0.9976,9.3,6,3828,2228,5428
629,3.21,0.9964,9.3,5,3829,2229,5429
630,3.27,0.9976,9.3,6,3830,2230,5430
631,3.25,0.9988,9.5,5,3831,2231,5431
632,3.32,0.9964,10.5,6,3832,2232,5432
633,3.43,1001,11.3,4,3833,2233,5433
634,3.27,0.9964,9.5,5,3834,2234,5434
635,3.27,0.9954,9.7,5,3835,2235,5435
636,3.24,0.9979,9.4,5,3836,2236,5436
637,3.24,0.9978,9.4,5,3837,2237,5437
638,3.35,0.9964,10.2,7,3838,2238,5438
639,3.18,997,10.3,6,3839,2239,5439
640,3.39,0.9991,9.4,5,3840,2240,5440
641,3.46,0.9992,9.5,5,3841,2241,5441
642,3.39,0.9991,9.4,5,3842,2242,5442
643,3.46,0.9992,9.5,5,3843,2243,5443
644,3.39,0.9991,9.4,5,3844,2244,5444
645,3.37,0.9984,10.1,7,3845,2245,5445
646,3.4,0.9972,10.1,5,3846,2246,5446
647,3.32,0.9967,11.0,4,3847,2247,5447
648,3.33,0.9964,11.2,7,3848,2248,5448
649,3.16,0.9948,11.3,6,3849,2249,5449
650,2.89,0.9986,9.6,5,3850,2250,5450
651,3.41,1001,11.2,5,3851,2251,5451
652,2.98,0.9976,14.9,5,3852,2252,5452
653,3.12,0.9976,12.0,6,3853,2253,5453
654,3.08,0.9979,9.5,5,3854,2254,5454
655,3.14,1.0004,9.4,5,3855,2255,5455
656,2.89,0.9986,9.6,5,3856,2256,5456
657,2.92,998,10.5,7,3857,2257,5457
658,3.32,0.9973,9.6,6,3858,2258,5458
659,3.41,997,11.0,4,3859,2259,5459
660,3.32,0.9973,9.6,6,3860,2260,5460
661,3.31,0.9978,9.0,5,3861,2261,5461
662,3.36,0.9972,9.6,6,3862,2262,5462
663,3.04,0.9974,10.2,6,3863,2263,5463
664,3.03,1.0,10.2,5,3864,2264,5464
665,3.14,0.9981,9.7,5,3865,2265,5465
666,3.18,998,9.5,6,3866,2266,5466
667,2.94,0.9988,9.2,6,3867,2267,5467
668,3.15,0.9966,11.0,5,3868,2268,5468
669,2.94,0.9988,9.2,6,3869,2269,5469
670,3.26,0.9959,10.0,5,3870,2270,5470
671,3.2,0.9968,9.5,5,3871,2271,5471
672,3.15,998,9.5,5,3872,2272,5472
673,3.2,0.9968,9.5,5,3873,2273,5473
674,3.08,0.9984,9.3,6,3874,2274,5474
675,3.26,0.9984,10.2,5,3875,2275,5475
676,3.08,0.9984,9.3,6,3876,2276,5476
677,3.4,0.9979,9.9,5,3877,2277,5477
678,3.48,0.9983,10.0,5,3878,2278,5478
679,3.13,0.9972,9.6,5,3879,2279,5479
680,3.06,1.0004,9.0,5,3880,2280,5480
681,3.21,0.9962,10.2,6,3881,2281,5481
682,3.33,998,9.8,5,3882,2282,5482
683,3.37,997,11.3,5,3883,2283,5483
684,3.25,998,9.4,5,3884,2284,5484
685,3.37,997,11.3,5,3885,2285,5485
686,3.44,997,9.1,5,3886,2286,5486
687,3.28,0.9998,9.7,5,3887,2287,5487
688,3.4,0.9962,9.4,5,3888,2288,5488
689,3.3,0.9976,9.4,5,3889,2289,5489
690,3.63,0.9966,10.7,3,3890,2290,5490
691,3.48,0.9998,9.8,5,3891,2291,5491
692,3.03,0.9979,9.0,5,3892,2292,5492
693,3.32,0.9984,9.4,5,3893,2293,5493
694,3.31,0.9984,9.4,5,3894,2294,5494
695,3.9,0.9921,12.8,6,3895,2295,5495
696,3.47,0.9972,9.5,6,3896,2296,5496
697,3.47,0.9972,9.5,6,3897,2297,5497
698,3.31,1.0001,9.7,5,3898,2298,5498
699,3.11,0.9986,10.8,6,3899,2299,5499
700,3.08,0.9984,10.1,6,3900,2300,5500
701,3.47,0.9972,9.5,6,3901,2301,5501
702,3.47,997,9.4,6,3902,2302,5502
703,3.32,0.9972,9.6,4,3903,2303,5503
704,3.29,998,9.7,4,3904,2304,5504
705,3.37,999,9.9,5,3905,2305,5505
706,3.4,0.9956,10.0,5,3906,2306,5506
707,3.37,0.9966,10.5,5,3907,2307,5507
708,3.34,996,11.6,6,3908,2308,5508
709,3.27,0.9983,10.0,6,3909,2309,5509
710,3.06,0.9985,10.1,5,3910,2310,5510
711,3.38,0.9998,9.5,5,3911,2311,5511
712,3.36,0.9992,9.4,5,3912,2312,5512
713,3.34,0.9976,9.4,5,3913,2313,5513
714,3.28,998,9.8,5,3914,2314,5514
715,3.29,0.9967,9.2,6,3915,2315,5515
716,3.34,0.9976,9.4,5,3916,2316,5516
717,3.21,0.9968,10.0,5,3917,2317,5517
718,3.22,0.9976,9.6,5,3918,2318,5518
719,3.46,0.9976,9.5,5,3919,2319,5519
720,3.22,0.9976,9.6,5,3920,2320,5520
721,3.1,0.9982,9.2,5,3921,2321,5521
722,3.21,0.9968,10.0,5,3922,2322,5522
723,2.94,0.9965,9.5,5,3923,2323,5523
724,3.54,0.9958,11.2,4,3924,2324,5524
725,3.29,0.9976,10.4,5,3925,2325,5525
726,3.43,0.9994,11.1,6,3926,2326,5526
727,3.46,997,9.5,5,3927,2327,5527
728,3.46,997,9.5,5,3928,2328,5528
729,3.61,995,12.7,6,3929,2329,5529
730,3.17,0.9982,9.6,5,3930,2330,5530
731,3.44,0.9994,11.5,5,3931,2331,5531
732,3.39,0.9966,9.6,5,3932,2332,5532
733,3.55,998,9.5,5,3933,2333,5533
734,3.48,0.9987,9.3,5,3934,2334,5534
735,3.26,0.9963,9.5,5,3935,2335,5535
736,3.26,0.9963,9.5,5,3936,2336,5536
737,3.5,1.0002,9.3,6,3937,2337,5537
738,3.1,0.9983,9.2,5,3938,2338,5538
739,3.35,999,9.3,5,3939,2339,5539
740,3.45,0.9965,11.5,6,3940,2340,5540
741,3.21,0.99788,9.5,5,3941,2341,5541
742,3.46,0.9972,9.2,5,3942,2342,5542
743,3.13,1.00024,10.0,5,3943,2343,5543
744,3.13,1.0001,9.5,5,3944,2344,5544
745,3.52,0.99768,9.5,6,3945,2345,5545
746,3.3,0.9978,9.0,6,3946,2346,5546
747,3.3,0.99782,9.4,5,3947,2347,5547
748,3.52,0.99761,9.6,6,3948,2348,5548
749,3.52,0.99768,9.5,6,3949,2349,5549
750,3.29,0.99803,9.5,5,3950,2350,5550
751,3.29,0.99803,9.5,5,3951,2351,5551
752,3.39,0.99785,9.4,5,3952,2352,5552
753,3.29,0.99803,9.5,5,3953,2353,5553
754,3.09,0.99656,9.1,6,3954,2354,5554
755,3.51,0.99525,10.7,6,3955,2355,5555
756,3.6,0.99488,11.2,6,3956,2356,5556
757,3.25,0.99656,9.8,5,3957,2357,5557
758,3.25,0.99656,9.8,5,3958,2358,5558
759,3.19,0.99823,9.2,5,3959,2359,5559
760,3.23,0.99779,9.7,5,3960,2360,5560
761,3.25,0.99738,9.6,5,3961,2361,5561
762,3.31,0.99701,10.0,6,3962,2362,5562
763,3.25,0.99738,9.6,5,3963,2363,5563
764,3.31,0.99888,9.5,6,3964,2364,5564
765,3.31,0.99888,9.5,6,3965,2365,5565
766,3.14,0.99738,9.4,5,3966,2366,5566
767,3.45,0.99938,9.5,5,3967,2367,5567
768,3.55,0.99744,9.7,6,3968,2368,5568
769,3.39,0.99668,9.6,5,3969,2369,5569
770,3.55,0.99744,9.7,6,3970,2370,5570
771,3.28,0.9978,9.4,5,3971,2371,5571
772,3.27,0.99782,9.4,5,3972,2372,5572
773,3.3,0.9973,9.5,6,3973,2373,5573
774,3.31,0.99727,9.5,6,3974,2374,5574
775,3.43,0.99586,10.0,5,3975,2375,5575
776,3.4,0.99612,10.3,6,3976,2376,5576
777,3.4,0.9961,10.3,6,3977,2377,5577
778,3.36,0.99788,10.5,5,3978,2378,5578
779,3.5,0.99745,9.8,5,3979,2379,5579
780,3.31,0.99676,9.4,6,3980,2380,5580
781,3.66,0.99732,9.8,5,3981,2381,5581
782,3.36,0.99814,10.0,5,3982,2382,5582
783,3.66,0.99732,9.8,5,3983,2383,5583
784,3.55,0.99746,9.8,5,3984,2384,5584
785,3.21,0.9982,9.5,5,3985,2385,5585
786,3.21,0.9982,9.5,5,3986,2386,5586
787,3.18,0.9991,10.1,6,3987,2387,5587
788,3.18,0.9991,10.1,6,3988,2388,5588
789,3.09,998,9.3,5,3989,2389,5589
790,3.33,0.99708,9.7,6,3990,2390,5590
791,3.23,0.99818,9.6,5,3991,2391,5591
792,3.48,0.99745,9.7,6,3992,2392,5592
793,3.38,0.99639,10.8,5,3993,2393,5593
794,3.17,0.99531,12.5,6,3994,2394,5594
795,2.99,0.99786,10.2,5,3995,2395,5595
796,3.1,0.99746,9.6,5,3996,2396,5596
797,3.24,0.99526,10.8,7,3997,2397,5597
798,3.29,0.9987,10.7,6,3998,2398,5598
799,3.29,0.9987,10.7,6,3999,2399,5599
800,3.25,0.99641,9.4,5,4000,2400,5600
801,3.23,0.99735,10.0,5,4001,2401,5601
802,3.56,0.99264,12.9,7,4002,2402,5602
803,3.24,0.9971,9.6,6,4003,2403,5603
804,3.26,0.99682,9.9,6,4004,2404,5604
805,3.33,0.99356,12.8,7,4005,2405,5605
806,3.27,0.99386,12.5,7,4006,2406,5606
807,3.33,0.99356,12.8,7,4007,2407,5607
808,3.26,0.99702,9.2,5,4008,2408,5608
809,3.22,0.99693,10.3,6,4009,2409,5609
810,3.3,0.99562,10.5,5,4010,2410,5610
811,3.09,1.00012,10.9,6,4011,2411,5611
812,3.24,0.99818,10.8,5,4012,2412,5612
813,3.44,0.99462,11.4,4,4013,2413,5613
814,3.21,0.99939,11.3,6,4014,2414,5614
815,3.24,0.99818,10.8,5,4015,2415,5615
816,3.23,0.9984,10.5,6,4016,2416,5616
817,3.28,0.99545,11.9,6,4017,2417,5617
818,3.29,0.99632,9.4,5,4018,2418,5618
819,3.28,0.99976,9.6,5,4019,2419,5619
820,3.34,0.99606,9.7,5,4020,2420,5620
821,3.71,0.99154,14.0,7,4021,2421,5621
822,3.61,0.9973,9.8,5,4022,2422,5622
823,3.61,0.9973,9.8,5,4023,2423,5623
824,3.24,0.99682,10.3,5,4024,2424,5624
825,3.36,0.99624,10.7,5,4025,2425,5625
826,3.4,0.9951,11.0,7,4026,2426,5626
827,3.36,0.99624,10.7,5,4027,2427,5627
828,3.46,0.99417,12.7,8,4028,2428,5628
829,3.56,0.99376,11.1,6,4029,2429,5629
830,3.38,0.99632,10.9,4,4030,2430,5630
831,3.56,0.99376,11.1,6,4031,2431,5631
832,3.38,0.99832,9.9,3,4032,2432,5632
833,3.38,0.99836,9.9,4,4033,2433,5633
834,3.32,0.99694,9.4,5,4034,2434,5634
835,3.39,0.99655,9.3,5,4035,2435,5635
836,3.26,0.99064,11.7,7,4036,2436,5636
837,3.26,0.99064,11.7,7,4037,2437,5637
838,3.24,0.99672,11.2,7,4038,2438,5638
839,3.46,0.99647,10.0,5,4039,2439,5639
840,3.24,0.99736,12.1,7,4040,2440,5640
841,3.45,0.99629,10.3,5,4041,2441,5641
842,3.23,0.99708,10.9,6,4042,2442,5642
843,3.28,0.9963,9.4,5,4043,2443,5643
844,3.18,0.9959,10.6,6,4044,2444,5644
845,3.59,0.99689,9.8,5,4045,2445,5645
846,3.59,0.99689,9.8,5,4046,2446,5646
847,3.5,0.9977,9.9,6,4047,2447,5647
848,3.59,0.99689,9.8,5,4048,2448,5648
849,3.58,0.99689,9.8,5,4049,2449,5649
850,3.28,0.99708,9.5,5,4050,2450,5650
851,3.28,0.99708,9.5,5,4051,2451,5651
852,3.22,0.99801,9.7,5,4052,2452,5652
853,3.47,0.99652,10.9,6,4053,2453,5653
854,3.47,0.99652,10.9,6,4054,2454,5654
855,3.51,0.99538,11.7,7,4055,2455,5655
856,3.47,0.99652,10.9,6,4056,2456,5656
857,3.4,0.99594,11.3,7,4057,2457,5657
858,3.15,0.99686,10.6,7,4058,2458,5658
859,3.4,0.99438,11.2,6,4059,2459,5659
860,3.51,0.99746,9.5,5,4060,2460,5660
861,3.66,0.99357,11.5,6,4061,2461,5661
862,3.24,0.99628,10.4,5,4062,2462,5662
863,3.51,0.99746,9.7,5,4063,2463,5663
864,3.51,0.99746,9.5,5,4064,2464,5664
865,3.51,0.99748,9.7,5,4065,2465,5665
866,3.41,0.99438,11.3,6,4066,2466,5666
867,3.4,0.99438,11.2,6,4067,2467,5667
868,3.4,0.99438,11.2,6,4068,2468,5668
869,3.44,0.99578,10.9,6,4069,2469,5669
870,3.41,0.99371,11.8,6,4070,2470,5670
871,3.53,0.99522,10.6,5,4071,2471,5671
872,3.43,0.99576,10.0,4,4072,2472,5672
873,3.23,0.99552,11.1,7,4073,2473,5673
874,3.12,0.99664,11.8,7,4074,2474,5674
875,3.31,0.99614,11.8,7,4075,2475,5675
876,3.4,0.99517,10.9,4,4076,2476,5676
877,3.41,0.99371,11.8,6,4077,2477,5677
878,3.22,0.99787,10.0,6,4078,2478,5678
879,3.53,0.99745,9.5,5,4079,2479,5679
880,3.15,0.99576,9.9,5,4080,2480,5680
881,3.48,0.99533,11.4,6,4081,2481,5681
882,3.22,0.99536,12.0,6,4082,2482,5682
883,3.53,0.99745,9.5,5,4083,2483,5683
884,3.22,0.99787,10.0,6,4084,2484,5684
885,3.34,0.99824,10.5,5,4085,2485,5685
886,3.33,0.99836,10.4,6,4086,2486,5686
887,3.15,0.99577,12.1,7,4087,2487,5687
888,3.43,0.99491,11.2,6,4088,2488,5688
889,3.22,1.00289,9.3,5,4089,2489,5689
890,3.44,0.99576,10.1,5,4090,2490,5690
891,3.53,0.99743,9.7,5,4091,2491,5691
892,3.22,0.99774,9.3,6,4092,2492,5692
893,3.53,0.99743,9.7,5,4093,2493,5693
894,3.53,0.99745,9.8,6,4094,2494,5694
895,3.42,0.9955,10.7,6,4095,2495,5695
896,3.31,0.99444,12.5,7,4096,2496,5696
897,3.42,0.9955,10.7,6,4097,2497,5697
898,3.31,0.99444,12.5,7,4098,2498,5698
899,3.48,0.99892,11.0,3,4099,2499,5699
900,3.4,0.99562,11.8,5,4100,2500,5700
901,3.58,0.99736,10.8,7,4101,2501,5701
902,3.58,0.99736,10.8,7,4102,2502,5702
903,3.41,0.9962,10.8,7,4103,2503,5703
904,3.41,0.9962,10.8,7,4104,2504,5704
905,3.23,998,9.5,5,4105,2505,5705
906,3.39,0.9964,11.0,5,4106,2506,5706
907,3.59,0.9948,11.5,6,4107,2507,5707
908,3.43,0.99528,10.8,6,4108,2508,5708
909,3.29,0.99331,11.5,6,4109,2509,5709
910,3.23,0.99577,13.2,6,4110,2510,5710
911,3.18,0.99901,10.9,6,4111,2511,5711
912,3.33,0.99674,12.2,6,4112,2512,5712
913,3.27,0.99639,12.2,7,4113,2513,5713
914,3.29,0.99331,11.5,6,4114,2514,5714
915,3.27,0.99512,11.9,6,4115,2515,5715
916,3.62,0.99395,11.0,5,4116,2516,5716
917,3.38,0.99824,10.1,6,4117,2517,5717
918,3.3,0.9964,11.0,6,4118,2518,5718
919,3.38,0.99504,11.8,6,4119,2519,5719
920,3.24,0.99786,10.5,5,4120,2520,5720
921,3.3,0.9964,11.0,6,4121,2521,5721
922,3.38,0.99504,11.8,6,4122,2522,5722
923,3.38,0.99824,10.1,6,4123,2523,5723
924,3.18,0.99516,11.2,5,4124,2524,5724
925,3.47,0.99604,11.0,7,4125,2525,5725
926,3.47,0.99786,10.2,6,4126,2526,5726
927,3.2,0.99736,9.2,4,4127,2527,5727
928,3.18,0.99516,11.2,5,4128,2528,5728
929,3.3,0.99468,12.0,7,4129,2529,5729
930,3.69,0.99746,10.5,5,4130,2530,5730
931,3.48,0.99748,9.8,5,4131,2531,5731
932,3.45,0.9971,9.5,6,4132,2532,5732
933,3.48,0.99748,9.8,5,4133,2533,5733
934,3.69,0.99746,10.5,5,4134,2534,5734
935,3.39,0.99543,11.8,6,4135,2535,5735
936,3.39,0.99543,11.8,6,4136,2536,5736
937,3.07,0.99791,10.4,4,4137,2537,5737
938,3.34,0.99356,12.9,7,4138,2538,5738
939,3.61,0.99425,11.4,5,4139,2539,5739
940,3.36,0.99509,12.4,7,4140,2540,5740
941,3.19,0.99484,12.5,7,4141,2541,5741
942,3.22,0.99834,10.0,7,4142,2542,5742
943,3.24,0.99864,9.7,7,4143,2543,5743
944,3.27,0.99498,12.1,7,4144,2544,5744
945,3.14,0.99566,11.1,7,4145,2545,5745
946,3.29,0.99745,12.0,7,4146,2546,5746
947,3.26,0.99408,12.4,7,4147,2547,5747
948,3.41,0.99552,11.9,7,4148,2548,5748
949,3.41,0.99552,11.9,7,4149,2549,5749
950,3.41,0.99552,11.9,7,4150,2550,5750
951,3.26,0.99408,12.4,7,4151,2551,5751
952,3.31,0.99536,11.2,7,4152,2552,5752
953,3.2,0.99458,12.1,7,4153,2553,5753
954,3.44,0.99538,12.2,6,4154,2554,5754
955,3.36,0.99648,10.4,5,4155,2555,5755
956,3.31,0.99568,11.3,6,4156,2556,5756
957,3.29,0.99613,11.1,6,4157,2557,5757
958,3.47,0.99519,11.3,7,4158,2558,5758
959,3.36,0.99735,10.0,5,4159,2559,5759
960,3.16,0.99518,11.1,6,4160,2560,5760
961,3.27,0.99592,9.3,5,4161,2561,5761
962,3.38,0.99654,9.5,5,4162,2562,5762
963,3.15,0.99546,11.2,6,4163,2563,5763
964,3.16,0.99518,11.1,6,4164,2564,5764
965,3.34,0.99554,11.0,6,4165,2565,5765
966,3.13,0.99604,11.9,7,4166,2566,5766
967,3.13,0.99733,9.2,5,4167,2567,5767
968,3.2,0.9943,12.2,6,4168,2568,5768
969,3.46,0.99669,10.2,5,4169,2569,5769
970,3.33,0.99724,10.9,6,4170,2570,5770
971,3.33,0.99724,10.9,6,4171,2571,5771
972,3.22,0.99643,11.6,7,4172,2572,5772
973,3.52,0.99605,10.7,5,4173,2573,5773
974,3.3,0.99658,12.1,7,4174,2574,5774
975,3.44,997,9.4,5,4175,2575,5775
976,3.44,997,9.4,5,4176,2576,5776
977,3.15,0.99801,9.1,5,4177,2577,5777
978,3.28,0.99416,11.3,7,4178,2578,5778
979,3.13,0.9969,10.4,5,4179,2579,5779
980,3.32,0.99774,10.5,6,4180,2580,5780
981,3.25,0.99712,10.0,5,4181,2581,5781
982,3.34,0.99418,12.9,6,4182,2582,5782
983,3.32,0.99774,10.5,6,4183,2583,5783
984,3.13,0.9969,10.4,5,4184,2584,5784
985,3.45,0.99562,11.3,6,4185,2585,5785
986,3.19,0.9947,11.4,7,4186,2586,5786
987,3.44,0.99693,9.4,5,4187,2587,5787
988,3.16,0.99596,9.4,5,4188,2588,5788
989,3.14,0.99556,10.9,6,4189,2589,5789
990,3.16,0.99596,9.4,5,4190,2590,5790
991,3.45,0.99694,9.4,5,4191,2591,5791
992,3.36,0.99554,9.4,6,4192,2592,5792
993,3.45,0.99694,9.4,5,4193,2593,5793
994,3.15,0.99918,9.4,5,4194,2594,5794
995,3.39,0.99697,10.1,6,4195,2595,5795
996,3.71,0.99378,12.8,7,4196,2596,5796
997,3.71,0.99378,12.8,7,4197,2597,5797
998,3.12,0.99554,9.1,6,4198,2598,5798
999,3.47,0.99162,12.9,6,4199,2599,5799
1000,3.44,0.99495,11.5,7,4200,2600,5800
1001,3.26,0.99676,10.6,7,4201,2601,5801
1002,3.26,0.99516,11.7,7,4202,2602,5802
1003,3.36,0.9928,12.8,7,4203,2603,5803
1004,3.25,0.99603,10.3,5,4204,2604,5804
1005,3.36,0.9928,12.8,7,4205,2605,5805
1006,3.26,0.99516,11.7,7,4206,2606,5806
1007,3.26,0.99516,11.7,7,4207,2607,5807
1008,3.23,0.99549,12.0,7,4208,2608,5808
1009,3.18,0.99722,10.9,5,4209,2609,5809
1010,3.25,0.99354,12.3,7,4210,2610,5810
1011,3.17,0.9957,10.4,6,4211,2611,5811
1012,3.23,0.99604,10.0,5,4212,2612,5812
1013,3.38,0.99635,10.0,6,4213,2613,5813
1014,3.22,0.99454,11.2,6,4214,2614,5814
1015,3.06,0.99598,11.4,6,4215,2615,5815
1016,3.27,0.99486,12.6,7,4216,2616,5816
1017,2.89,0.99007,12.7,6,4217,2617,5817
1018,2.89,0.99007,12.7,6,4218,2618,5818
1019,3.53,0.99636,10.4,5,4219,2619,5819
1020,3.2,0.99642,11.9,6,4220,2620,5820
1021,3.2,0.99642,11.9,6,4221,2621,5821
1022,3.35,0.99584,10.5,5,4222,2622,5822
1023,3.27,0.99506,12.3,6,4223,2623,5823
1024,3.32,0.99568,10.5,7,4224,2624,5824
1025,3.33,0.99822,10.4,6,4225,2625,5825
1026,3.41,0.99364,12.6,6,4226,2626,5826
1027,3.49,0.99378,11.6,5,4227,2627,5827
1028,3.37,0.99586,10.1,6,4228,2628,5828
1029,3.32,0.99568,10.5,7,4229,2629,5829
1030,3.42,0.99488,11.5,7,4230,2630,5830
1031,3.35,0.99514,11.0,7,4231,2631,5831
1032,3.36,0.99854,9.6,5,4232,2632,5832
1033,3.3,0.99592,10.4,6,4233,2633,5833
1034,3.2,0.99739,9.7,6,4234,2634,5834
1035,3.17,0.99683,10.6,7,4235,2635,5835
1036,3.22,0.99356,12.5,7,4236,2636,5836
1037,3.35,0.99672,9.2,5,4237,2637,5837
1038,3.24,0.9953,12.6,7,4238,2638,5838
1039,3.33,0.99692,11.1,6,4239,2639,5839
1040,3.58,0.99756,10.2,5,4240,2640,5840
1041,3.38,0.99547,9.8,6,4241,2641,5841
1042,3.33,0.99692,11.1,6,4242,2642,5842
1043,3.29,0.99859,10.9,7,4243,2643,5843
1044,3.36,0.99294,12.2,6,4244,2644,5844
1045,3.32,0.99438,11.4,6,4245,2645,5845
1046,3.31,0.99612,10.7,6,4246,2646,5846
1047,3.49,0.99634,10.4,5,4247,2647,5847
1048,3.27,0.99702,10.9,6,4248,2648,5848
1049,3.27,0.99704,10.8,6,4249,2649,5849
1050,3.49,0.99634,10.4,5,4250,2650,5850
1051,3.03,0.99702,9.2,5,4251,2651,5851
1052,3.56,0.99258,12.9,5,4252,2652,5852
1053,3.38,0.99426,12.7,7,4253,2653,5853
1054,3.13,0.99747,9.1,6,4254,2654,5854
1055,3.13,0.99747,9.1,6,4255,2655,5855
1056,3.21,0.99586,12.1,7,4256,2656,5856
1057,3.15,0.99784,9.1,5,4257,2657,5857
1058,3.19,0.9971,11.6,7,4258,2658,5858
1059,3.21,0.99586,12.1,7,4259,2659,5859
1060,3.14,0.9981,9.9,6,4260,2660,5860
1061,3.21,0.99462,12.5,8,4261,2661,5861
1062,3.3,0.9956,11.4,6,4262,2662,5862
1063,3.22,0.99565,11.8,6,4263,2663,5863
1064,3.28,0.99418,11.8,6,4264,2664,5864
1065,3.29,0.9963,10.2,6,4265,2665,5865
1066,3.4,0.99358,12.5,7,4266,2666,5866
1067,3.02,0.99572,10.9,7,4267,2667,5867
1068,3.02,0.99572,10.9,7,4268,2668,5868
1069,3.31,997,10.8,5,4269,2669,5869
1070,3.18,0.99498,11.1,7,4270,2670,5870
1071,3.2,0.99892,9.2,5,4271,2671,5871
1072,3.4,0.9968,9.5,6,4272,2672,5872
1073,3.31,0.9972,10.7,6,4273,2673,5873
1074,3.2,0.99892,9.2,5,4274,2674,5874
1075,3.44,0.99769,10.2,7,4275,2675,5875
1076,3.15,0.99534,11.4,6,4276,2676,5876
1077,3.27,0.99817,11.0,5,4277,2677,5877
1078,3.27,0.99817,11.0,5,4278,2678,5878
1079,3.01,0.99316,12.3,7,4279,2679,5879
1080,3.16,0.99471,11.8,6,4280,2680,5880
1081,3.01,0.99316,12.3,7,4281,2681,5881
1082,3.42,0.99685,9.5,6,4282,2682,5882
1083,3.33,0.99617,12.0,6,4283,2683,5883
1084,3.42,0.99685,9.5,6,4284,2684,5884
1085,3.12,0.99529,9.6,5,4285,2685,5885
1086,3.38,0.99738,11.6,7,4286,2686,5886
1087,3.29,994,11.2,6,4287,2687,5887
1088,3.02,0.99735,9.9,7,4288,2688,5888
1089,3.02,0.99735,9.9,7,4289,2689,5889
1090,2.98,0.99451,11.8,8,4290,2690,5890
1091,3.35,0.99546,11.4,6,4291,2691,5891
1092,3.43,0.99479,11.5,6,4292,2692,5892
1093,3.33,0.99615,12.0,7,4293,2693,5893
1094,3.35,0.99655,10.8,6,4294,2694,5894
1095,3.15,0.99772,10.5,5,4295,2695,5895
1096,3.35,0.99655,10.8,6,4296,2696,5896
1097,3.2,0.99666,9.4,5,4297,2697,5897
1098,3.15,0.99358,12.5,7,4298,2698,5898
1099,3.2,0.99666,9.4,5,4299,2699,5899
1100,3.11,0.99392,12.4,6,4300,2700,5900
1101,3.35,0.99388,12.0,6,4301,2701,5901
1102,3.45,0.99402,11.2,6,4302,2702,5902
1103,3.35,0.99388,12.0,6,4303,2703,5903
1104,3.28,0.9936,12.4,6,4304,2704,5904
1105,3.41,0.99374,12.8,5,4305,2705,5905
1106,3.21,0.99376,12.3,6,4306,2706,5906
1107,3.27,0.99523,11.7,7,4307,2707,5907
1108,3.36,0.99855,9.5,5,4308,2708,5908
1109,3.17,0.9982,10.8,6,4309,2709,5909
1110,3.25,0.99593,10.0,6,4310,2710,5910
1111,3.78,0.99471,12.3,7,4311,2711,5911
1112,3.29,0.99396,11.0,6,4312,2712,5912
1113,3.12,0.99698,9.5,6,4313,2713,5913
1114,3.49,0.9902,13.6,6,4314,2714,5914
1115,3.38,0.99572,11.3,6,4315,2715,5915
1116,3.38,0.99572,11.3,6,4316,2716,5916
1117,3.38,0.99572,11.3,6,4317,2717,5917
1118,3.3,0.99252,13.3,6,4318,2718,5918
1119,3.52,0.99256,12.9,5,4319,2719,5919
1120,3.2,0.99235,13.1,8,4320,2720,5920
1121,3.44,0.99352,12.3,6,4321,2721,5921
1122,3.45,0.9922,12.3,6,4322,2722,5922
1123,3.12,0.99674,11.2,6,4323,2723,5923
1124,3.62,0.99557,11.5,4,4324,2724,5924
1125,3.14,0.99394,11.3,7,4325,2725,5925
1126,3.39,0.9915,13.5,6,4326,2726,5926
1127,3.51,0.99379,11.5,6,4327,2727,5927
1128,3.22,0.9984,10.0,5,4328,2728,5928
1129,3.21,0.99798,10.5,6,4329,2729,5929
1130,3.18,0.9977,10.4,6,4330,2730,5930
1131,3.32,0.99341,9.5,5,4331,2731,5931
1132,3.38,0.9933,13.6,7,4332,2732,5932
1133,3.37,0.99684,11.2,7,4333,2733,5933
1134,3.3,0.99524,11.8,7,4334,2734,5934
1135,3.38,0.9946,11.9,6,4335,2735,5935
1136,3.22,0.99774,11.4,6,4336,2736,5936
1137,3.22,0.99774,11.4,6,4337,2737,5937
1138,3.14,0.99786,9.1,5,4338,2738,5938
1139,3.34,0.99764,9.5,6,4339,2739,5939
1140,3.41,0.9969,9.5,6,4340,2740,5940
1141,3.27,0.99624,11.0,6,4341,2741,5941
1142,3.3,0.99354,11.4,6,4342,2742,5942
1143,3.61,0.99672,10.0,6,4343,2743,5943
1144,3.43,0.99588,10.1,5,4344,2744,5944
1145,3.53,0.99672,10.4,6,4345,2745,5945
1146,3.28,996,9.8,6,4346,2746,5946
1147,3.21,0.99702,11.8,7,4347,2747,5947
1148,3.39,0.99526,11.6,6,4348,2748,5948
1149,3.23,0.99585,12.0,6,4349,2749,5949
1150,3.3,0.99473,12.8,7,4350,2750,5950
1151,3.46,0.99352,12.5,6,4351,2751,5951
1152,3.15,0.99616,9.8,5,4352,2752,5952
1153,3.23,0.99622,11.1,6,4353,2753,5953
1154,3.59,0.99544,11.4,6,4354,2754,5954
1155,3.15,0.99616,9.8,5,4355,2755,5955
1156,3.33,0.99524,11.8,7,4356,2756,5956
1157,3.46,0.9924,12.9,7,4357,2757,5957
1158,3.42,0.99572,10.6,6,4358,2758,5958
1159,3.16,0.99728,10.8,5,4359,2759,5959
1160,3.14,0.99676,11.1,7,4360,2760,5960
1161,3.21,0.99551,10.2,6,4361,2761,5961
1162,3.14,0.99434,11.8,7,4362,2762,5962
1163,3.29,0.99692,10.0,5,4363,2763,5963
1164,3.29,0.99692,10.0,5,4364,2764,5964
1165,3.01,0.99634,9.4,5,4365,2765,5965
1166,2.94,0.99709,10.2,5,4366,2766,5966
1167,3.32,0.99528,12.4,7,4367,2767,5967
1168,3.21,0.99384,12.0,6,4368,2768,5968
1169,3.32,0.99502,11.5,6,4369,2769,5969
1170,3.2,0.99667,10.5,6,4370,2770,5970
1171,3.42,0.99522,10.8,6,4371,2771,5971
1172,3.27,0.99649,12.3,6,4372,2772,5972
1173,3.46,0.99716,9.5,6,4373,2773,5973
1174,3.46,0.99716,9.5,6,4374,2774,5974
1175,3.61,0.99541,11.5,6,4375,2775,5975
1176,3.58,0.99572,11.2,4,4376,2776,5976
1177,3.35,0.99318,12.7,7,4377,2777,5977
1178,3.68,0.99346,11.4,5,4378,2778,5978
1179,3.27,0.99599,11.0,6,4379,2779,5979
1180,3.27,0.99599,11.0,6,4380,2780,5980
1181,3.19,0.99478,11.4,5,4381,2781,5981
1182,3.38,0.99754,10.5,6,4382,2782,5982
1183,3.29,0.99572,9.3,5,4383,2783,5983
1184,3.36,0.99538,10.9,5,4384,2784,5984
1185,3.33,0.99346,11.9,6,4385,2785,5985
1186,3.52,0.9963,12.2,5,4386,2786,5986
1187,3.33,0.99346,11.9,6,4387,2787,5987
1188,3.36,0.99538,10.9,5,4388,2788,5988
1189,3.3,0.99616,9.6,4,4389,2789,5989
1190,3.28,0.99652,12.5,6,4390,2790,5990
1191,3.56,0.99551,10.8,5,4391,2791,5991
1192,3.52,0.99439,12.4,7,4392,2792,5992
1193,3.56,0.99551,10.8,5,4393,2793,5993
1194,3.22,0.99588,9.5,6,4394,2794,5994
1195,3.52,0.99633,9.5,6,4395,2795,5995
1196,3.21,0.99686,9.5,6,4396,2796,5996
1197,3.16,0.99458,9.8,6,4397,2797,5997
1198,3.15,0.9951,10.9,6,4398,2798,5998
1199,3.21,0.99686,9.5,6,4399,2799,5999
1200,3.16,0.99458,9.8,6,4400,2800,6000
1201,3.27,0.99419,11.2,7,4401,2801,6001
1202,3.35,0.99516,11.7,8,4402,2802,6002
1203,3.14,0.99878,9.4,5,4403,2803,6003
1204,3.4,0.99534,11.0,7,4404,2804,6004
1205,3.4,0.99534,11.0,7,4405,2805,6005
1206,3.4,0.99534,11.0,7,4406,2806,6006
1207,3.35,0.99752,10.0,5,4407,2807,6007
1208,3.4,0.99534,11.0,7,4408,2808,6008
1209,3.45,0.99428,11.2,7,4409,2809,6009
1210,3.35,0.99498,10.4,6,4410,2810,6010
1211,3.32,0.9957,9.3,5,4411,2811,6011
1212,3.35,0.99498,10.4,6,4412,2812,6012
1213,3.15,0.99659,10.5,6,4413,2813,6013
1214,3.1,0.99628,10.4,6,4414,2814,6014
1215,3.26,0.99488,11.3,6,4415,2815,6015
1216,3.29,0.99677,9.5,6,4416,2816,6016
1217,3.23,0.99408,12.0,6,4417,2817,6017
1218,3.24,996,10.6,6,4418,2818,6018
1219,3.2,0.99478,10.9,6,4419,2819,6019
1220,3.28,0.99734,11.5,6,4420,2820,6020
1221,3.28,0.99734,11.5,6,4421,2821,6021
1222,3.26,0.99678,9.6,6,4422,2822,6022
1223,3.23,0.99638,12.0,6,4423,2823,6023
1224,3.07,0.9992,10.3,6,4424,2824,6024
1225,3.15,0.99922,9.4,5,4425,2825,6025
1226,3.02,0.99592,9.2,5,4426,2826,6026
1227,3.27,0.99769,9.6,5,4427,2827,6027
1228,3.68,0.99157,13.6,7,4428,2828,6028
1229,3.4,0.99718,9.5,5,4429,2829,6029
1230,3.37,0.9947,11.8,6,4430,2830,6030
1231,3.38,0.99621,10.8,5,4431,2831,6031
1232,3.4,0.99718,9.5,5,4432,2832,6032
1233,3.23,0.99614,9.3,4,4433,2833,6033
1234,3.39,0.99242,12.8,6,4434,2834,6034
1235,3.3,0.99572,11.5,4,4435,2835,6035
1236,3.26,0.99659,9.4,6,4436,2836,6036
1237,3.39,0.99242,12.8,6,4437,2837,6037
1238,3.38,0.99798,9.6,4,4438,2838,6038
1239,3.45,0.99488,11.8,4,4439,2839,6039
1240,3.1,0.99494,9.3,5,4440,2840,6040
1241,3.16,0.99729,9.8,5,4441,2841,6041
1242,3.22,0.99414,12.2,6,4442,2842,6042
1243,3.37,0.9983,9.5,5,4443,2843,6043
1244,3.33,0.99721,10.3,6,4444,2844,6044
1245,3.49,0.99655,10.5,5,4445,2845,6045
1246,3.12,0.99502,10.0,5,4446,2846,6046
1247,3.49,0.99655,10.5,5,4447,2847,6047
1248,3.41,0.9949,11.1,6,4448,2848,6048
1249,3.4,0.99514,10.9,6,4449,2849,6049
1250,3.4,0.99514,10.9,6,4450,2850,6050
1251,3.28,0.9963,9.8,5,4451,2851,6051
1252,3.45,0.99627,9.8,5,4452,2852,6052
1253,3.43,0.99569,9.5,5,4453,2853,6053
1254,3.4,0.99628,10.9,5,4454,2854,6054
1255,3.47,0.99358,11.0,5,4455,2855,6055
1256,3.1,0.99499,9.2,5,4456,2856,6056
1257,3.32,0.99633,11.0,6,4457,2857,6057
1258,3.44,0.99538,11.3,6,4458,2858,6058
1259,3.44,0.99538,11.3,6,4459,2859,6059
1260,3.02,0.99632,9.3,5,4460,2860,6060
1261,3.59,0.99437,11.2,4,4461,2861,6061
1262,3.15,0.99726,9.8,5,4462,2862,6062
1263,3.37,0.9978,9.6,4,4463,2863,6063
1264,3.38,0.99456,11.8,6,4464,2864,6064
1265,3.38,0.99564,10.3,6,4465,2865,6065
1266,3.38,0.99564,10.3,6,4466,2866,6066
1267,3.1,996,11.4,6,4467,2867,6067
1268,3.47,0.99668,9.5,6,4468,2868,6068
1269,3.5,0.9908,14.0,8,4469,2869,6069
1270,3.7,0.99084,14.0,6,4470,2870,6070
1271,3.38,0.9935,11.7,6,4471,2871,6071
1272,3.5,0.99385,11.2,5,4472,2872,6072
1273,3.1,0.99494,9.3,5,4473,2873,6073
1274,3.24,0.9944,11.2,6,4474,2874,6074
1275,3.24,0.99688,9.5,6,4475,2875,6075
1276,3.28,0.99566,12.0,4,4476,2876,6076
1277,3.35,0.99636,9.7,6,4477,2877,6077
1278,3.24,0.99688,9.5,6,4478,2878,6078
1279,3.14,0.9948,11.5,7,4479,2879,6079
1280,3.37,0.9956,10.4,6,4480,2880,6080
1281,3.37,0.9956,10.4,6,4481,2881,6081
1282,3.33,0.99619,10.9,6,4482,2882,6082
1283,3.26,0.99734,10.2,6,4483,2883,6083
1284,3.39,0.99476,10.9,5,4484,2884,6084
1285,3.15,0.99734,10.5,5,4485,2885,6085
1286,3.35,0.99328,12.4,6,4486,2886,6086
1287,3.22,0.99286,13.0,5,4487,2887,6087
1288,3.3,0.99914,10.2,5,4488,2888,6088
1289,3.3,0.99914,10.2,5,4489,2889,6089
1290,3.36,0.99521,11.0,5,4490,2890,6090
1291,3.29,0.99638,10.9,6,4491,2891,6091
1292,3.62,0.99362,12.4,6,4492,2892,6092
1293,3.34,0.99672,9.7,4,4493,2893,6093
1294,3.29,0.99638,10.9,6,4494,2894,6094
1295,3.2,0.99558,9.5,5,4495,2895,6095
1296,3.2,0.99558,9.5,5,4496,2896,6096
1297,3.35,0.99323,12.1,6,4497,2897,6097
1298,3.45,0.99191,12.2,6,4498,2898,6098
1299,3.5,0.99476,10.9,3,4499,2899,6099
1300,3.78,0.99444,12.5,6,4500,2900,6100
1301,3.6,0.99598,11.7,6,4501,2901,6101
1302,3.3,0.99576,11.2,6,4502,2902,6102
1303,3.36,0.99501,11.2,5,4503,2903,6103
1304,3.12,0.9955,9.2,5,4504,2904,6104
1305,3.3,0.99612,9.8,5,4505,2905,6105
1306,3.29,0.9979,10.1,5,4506,2906,6106
1307,3.41,0.99524,11.1,4,4507,2907,6107
1308,3.29,0.9979,10.1,5,4508,2908,6108
1309,3.28,996,9.2,5,4509,2909,6109
1310,3.3,0.99612,9.8,5,4510,2910,6110
1311,3.33,0.9929,12.8,6,4511,2911,6111
1312,3.34,0.99532,10.5,5,4512,2912,6112
1313,3.4,0.99558,10.1,6,4513,2913,6113
1314,3.4,0.99556,10.1,6,4514,2914,6114
1315,3.26,0.99616,9.8,6,4515,2915,6115
1316,4.01,0.99258,12.5,6,4516,2916,6116
1317,3.18,0.99638,11.9,6,4517,2917,6117
1318,3.26,0.99616,9.8,6,4518,2918,6118
1319,2.9,0.99652,9.1,6,4519,2919,6119
1320,3.26,0.99796,10.1,5,4520,2920,6120
1321,4.01,0.99258,12.5,6,4521,2921,6121
1322,3.18,0.99392,11.4,5,4522,2922,6122
1323,3.18,0.99495,11.0,7,4523,2923,6123
1324,3.39,0.9948,10.6,6,4524,2924,6124
1325,3.39,0.9948,10.6,6,4525,2925,6125
1326,3.39,0.9948,10.6,6,4526,2926,6126
1327,3.39,0.9948,10.6,6,4527,2927,6127
1328,3.34,0.9955,9.3,5,4528,2928,6128
1329,3.29,0.99616,9.8,6,4529,2929,6129
1330,3.29,0.99616,9.8,6,4530,2930,6130
1331,3.26,0.99668,9.2,5,4531,2931,6131
1332,3.09,0.99581,9.7,6,4532,2932,6132
1333,3.18,0.9976,9.6,5,4533,2933,6133
1334,3.39,0.99608,10.0,5,4534,2934,6134
1335,3.38,0.99387,12.6,6,4535,2935,6135
1336,3.36,0.99448,9.5,5,4536,2936,6136
1337,3.36,0.99448,9.5,5,4537,2937,6137
1338,3.36,0.99448,9.5,5,4538,2938,6138
1339,3.36,0.99538,10.5,6,4539,2939,6139
1340,3.36,0.99538,10.5,6,4540,2940,6140
1341,3.36,0.99538,10.5,6,4541,2941,6141
1342,3.37,0.99589,10.4,6,4542,2942,6142
1343,3.36,0.99538,10.5,6,4543,2943,6143
1344,3.09,0.99852,11.0,5,4544,2944,6144
1345,3.25,0.99613,10.2,6,4545,2945,6145
1346,3.52,0.99472,11.4,5,4546,2946,6146
1347,3.34,0.99587,9.5,5,4547,2947,6147
1348,3.34,0.99587,9.5,5,4548,2948,6148
1349,3.41,0.99518,10.8,5,4549,2949,6149
1350,3.34,0.99654,10.0,5,4550,2950,6150
1351,3.32,0.99332,11.8,6,4551,2951,6151
1352,3.37,0.9969,10.3,5,4552,2952,6152
1353,3.37,0.9969,10.3,5,4553,2953,6153
1354,3.35,0.99568,10.0,5,4554,2954,6154
1355,3.36,0.99464,10.1,5,4555,2955,6155
1356,3.36,0.99464,10.1,5,4556,2956,6156
1357,3.6,0.99648,11.1,6,4557,2957,6157
1358,3.28,0.99736,9.5,5,4558,2958,6158
1359,3.07,0.99704,10.0333333333333,6,4559,2959,6159
1360,3.24,0.99699,10.9,5,4560,2960,6160
1361,3.36,0.99724,10.1,5,4561,2961,6161
1362,3.07,0.99704,10.0333333333333,6,4562,2962,6162
1363,3.29,0.99652,9.8,4,4563,2963,6163
1364,3.46,995,11.8,6,4564,2964,6164
1365,3.18,0.9971,9.5,5,4565,2965,6165
1366,3.24,0.99576,9.8,5,4566,2966,6166
1367,3.25,0.99725,10.5,6,4567,2967,6167
1368,3.27,0.99656,9.8,6,4568,2968,6168
1369,3.33,0.99396,10.4,4,4569,2969,6169
1370,3.0,0.99623,9.2,5,4570,2970,6170
1371,3.21,0.99476,11.6,6,4571,2971,6171
1372,3.0,0.99623,9.2,5,4572,2972,6172
1373,3.24,0.99664,9.3,5,4573,2973,6173
1374,3.32,0.99471,9.8,3,4574,2974,6174
1375,3.26,0.99586,9.9,5,4575,2975,6175
1376,3.11,0.9946,10.0,5,4576,2976,6176
1377,3.71,0.9953,12.2,6,4577,2977,6177
1378,3.29,0.99609,9.9,6,4578,2978,6178
1379,3.36,0.99557,10.8,6,4579,2979,6179
1380,3.36,0.99557,10.8,6,4580,2980,6180
1381,3.38,0.99534,9.6,5,4581,2981,6181
1382,3.3,0.99613,9.9,5,4582,2982,6182
1383,3.3,0.99613,9.9,5,4583,2983,6183
1384,3.19,0.99593,9.5,5,4584,2984,6184
1385,3.19,0.99668,9.2,5,4585,2985,6185
1386,3.3,0.9961,9.6,5,4586,2986,6186
1387,3.3,0.9961,9.6,5,4587,2987,6187
1388,3.35,0.99718,10.3,5,4588,2988,6188
1389,3.1,0.99524,9.7,5,4589,2989,6189
1390,3.58,0.99292,12.5,6,4590,2990,6190
1391,3.37,0.99612,11.0,5,4591,2991,6191
1392,3.17,0.9942,9.8,5,4592,2992,6192
1393,3.3,0.99612,10.2,5,4593,2993,6193
1394,3.32,0.99669,9.2,5,4594,2994,6194
1395,3.31,0.99745,9.55,6,4595,2995,6195
1396,3.31,0.99745,9.55,5,4596,2996,6196
1397,3.28,0.99584,9.9,5,4597,2997,6197
1398,3.52,0.9966,10.2,7,4598,2998,6198
1399,3.42,0.9956,11.1,6,4599,2999,6199
1400,3.25,0.9962,9.9,5,4600,3000,6200
1401,3.25,0.9962,9.9,5,4601,3001,6201
1402,3.44,0.9963,11.9,6,4602,3002,6202
1403,3.23,996,10.0,8,4603,3003,6203
1404,3.43,0.9985,10.7,6,4604,3004,6204
1405,3.28,0.9952,11.3,7,4605,3005,6205
1406,3.22,0.9974,10.9,6,4606,3006,6206
1407,3.54,995,10.7,6,4607,3007,6207
1408,3.27,995,12.4,7,4608,3008,6208
1409,3.54,995,10.7,6,4609,3009,6209
1410,3.5,0.9936,11.9,6,4610,3010,6210
1411,3.56,0.9963,10.6,6,4611,3011,6211
1412,3.22,0.9974,10.9,6,4612,3012,6212
1413,3.04,0.9963,10.1,5,4613,3013,6213
1414,3.2,0.9994,9.6,5,4614,3014,6214
1415,3.56,0.9966,9.4,5,4615,3015,6215
1416,3.2,0.9994,9.6,5,4616,3016,6216
1417,3.35,0.9952,12.1,7,4617,3017,6217
1418,3.16,995,9.8,5,4618,3018,6218
1419,3.27,0.9956,9.9,5,4619,3019,6219
1420,3.16,995,9.8,5,4620,3020,6220
1421,3.34,0.9965,9.4,5,4621,3021,6221
1422,3.39,0.9956,11.4,6,4622,3022,6222
1423,3.5,0.9968,11.0,4,4623,3023,6223
1424,3.26,0.9974,9.6,6,4624,3024,6224
1425,3.26,0.9974,9.6,6,4625,3025,6225
1426,3.41,0.9971,12.1,6,4626,3026,6226
1427,3.3,0.9957,11.2,5,4627,3027,6227
1428,3.31,0.9962,11.0,5,4628,3028,6228
1429,3.33,996,11.3,5,4629,3029,6229
1430,3.37,0.9956,10.4,5,4630,3030,6230
1431,3.26,0.9958,9.9,6,4631,3031,6231
1432,3.48,0.9944,11.7,6,4632,3032,6232
1433,3.42,0.9955,10.1,7,4633,3033,6233
1434,3.18,1.00369,9.0,6,4634,3034,6234
1435,3.18,1.00369,9.0,6,4635,3035,6235
1436,3.15,0.99914,8.5,5,4636,3036,6236
1437,3.53,0.99577,11.1,5,4637,3037,6237
1438,3.41,996,10.3,5,4638,3038,6238
1439,3.32,0.99566,11.066666666666698,6,4639,3039,6239
1440,3.23,0.9947,11.3,7,4640,3040,6240
1441,3.16,0.99713,9.56666666666667,6,4641,3041,6241
1442,3.4,0.99712,9.8,5,4642,3042,6242
1443,3.38,0.99322,11.7,5,4643,3043,6243
1444,3.32,0.99566,11.1,6,4644,3044,6244
1445,3.16,0.99713,9.6,6,4645,3045,6245
1446,3.4,0.99712,9.8,5,4646,3046,6246
1447,3.4,0.99701,9.7,5,4647,3047,6247
1448,3.4,0.99683,9.7,5,4648,3048,6248
1449,3.23,0.99472,11.3,8,4649,3049,6249
1450,3.23,0.9947,11.3,7,4650,3050,6250
1451,3.33,0.99732,11.0,7,4651,3051,6251
1452,3.35,0.99374,11.6,7,4652,3052,6252
1453,3.41,0.99706,9.0,5,4653,3053,6253
1454,3.21,0.99974,10.9,6,4654,3054,6254
1455,3.5,0.99467,10.9,6,4655,3055,6255
1456,3.3,0.99236,10.55,6,4656,3056,6256
1457,3.41,0.99706,9.0,5,4657,3057,6257
1458,3.39,0.99603,10.5,5,4658,3058,6258
1459,3.32,0.99458,11.9,7,4659,3059,6259
1460,3.41,0.99724,10.4,6,4660,3060,6260
1461,3.59,0.99664,10.0,4,4661,3061,6261
1462,3.36,0.99545,10.4,6,4662,3062,6262
1463,3.34,0.99522,10.8,6,4663,3063,6263
1464,3.41,0.9958,9.7,5,4664,3064,6264
1465,3.41,0.9958,9.7,5,4665,3065,6265
1466,3.3,0.99728,10.0,7,4666,3066,6266
1467,3.52,0.99648,11.0,4,4667,3067,6267
1468,3.3,0.99728,10.0,7,4668,3068,6268
1469,3.31,0.99705,9.7,3,4669,3069,6269
1470,2.88,0.99578,9.7,5,4670,3070,6270
1471,3.43,0.99334,12.6,5,4671,3071,6271
1472,3.38,0.99656,11.1,6,4672,3072,6272
1473,3.38,0.99336,11.0,5,4673,3073,6273
1474,3.16,1.00242,8.8,5,4674,3074,6274
1475,3.54,0.99182,13.566666666666698,7,4675,3075,6275
1476,3.16,1.00242,8.8,5,4676,3076,6276
1477,3.54,0.99182,13.6,7,4677,3077,6277
1478,3.4,0.99808,10.2,3,4678,3078,6278
1479,3.39,0.99828,10.6,5,4679,3079,6279
1480,3.66,0.99498,10.1,4,4680,3080,6280
1481,3.39,0.99828,10.6,5,4681,3081,6281
1482,3.33,0.99719,10.3,4,4682,3082,6282
1483,3.35,0.99542,10.7,5,4683,3083,6283
1484,3.53,0.99592,10.9,4,4684,3084,6284
1485,3.37,0.99606,9.7,5,4685,3085,6285
1486,3.38,0.99546,10.3,5,4686,3086,6286
1487,3.52,0.99496,10.6,5,4687,3087,6287
1488,3.72,0.9942,11.4,5,4688,3088,6288
1489,3.44,0.99448,10.8,6,4689,3089,6289
1490,3.39,0.99344,12.4,6,4690,3090,6290
1491,3.72,0.9942,11.4,5,4691,3091,6291
1492,3.57,0.99348,11.95,5,4692,3092,6292
1493,3.26,0.99636,9.7,5,4693,3093,6293
1494,3.42,0.99459,10.0,7,4694,3094,6294
1495,3.35,0.99492,10.6,6,4695,3095,6295
1496,3.26,0.99636,9.7,5,4696,3096,6296
1497,3.45,0.99508,11.5,6,4697,3097,6297
1498,3.53,0.99582,10.8,6,4698,3098,6298
1499,3.45,0.99508,11.5,6,4699,3099,6299
1500,3.26,0.99508,9.6,5,4700,3100,6300
1501,3.16,0.99642,9.4,5,4701,3101,6301
1502,3.31,0.99638,9.8,5,4702,3102,6302
1503,3.51,0.99555,11.0,6,4703,3103,6303
1504,3.36,0.99605,11.4,6,4704,3104,6304
1505,3.55,996,9.95,3,4705,3105,6305
1506,3.51,0.99562,10.8,6,4706,3106,6306
1507,3.36,0.99605,11.4,6,4707,3107,6307
1508,3.38,0.99814,10.6,6,4708,3108,6308
1509,3.28,0.9941,11.1,5,4709,3109,6309
1510,3.47,0.99661,9.7,6,4710,3110,6310
1511,3.44,0.99712,9.8,5,4711,3111,6311
1512,3.53,0.99588,10.4,6,4712,3112,6312
1513,3.33,0.99294,10.5,6,4713,3113,6313
1514,3.53,0.99842,9.23333333333333,6,4714,3114,6314
1515,3.53,0.99842,9.25,6,4715,3115,6315
1516,3.42,0.99633,10.6,5,4716,3116,6316
1517,3.38,0.99489,10.3,6,4717,3117,6317
1518,3.32,0.99647,10.5,5,4718,3118,6318
1519,3.44,0.99665,10.2,5,4719,3119,6319
1520,3.38,0.99489,10.3,6,4720,3120,6320
1521,3.39,0.99585,9.05,4,4721,3121,6321
1522,3.42,0.99633,10.6,5,4722,3122,6322
1523,3.34,0.9953,10.4,5,4723,3123,6323
1524,3.39,0.99522,10.0,6,4724,3124,6324
1525,3.33,0.99552,9.7,5,4725,3125,6325
1526,3.3,0.99553,9.6,6,4726,3126,6326
1527,3.29,0.9951,10.8,6,4727,3127,6327
1528,3.31,0.99714,10.1,6,4728,3128,6328
1529,3.42,0.99608,10.2,6,4729,3129,6329
1530,3.42,0.99444,11.3,6,4730,3130,6330
1531,3.6,0.99631,10.2,5,4731,3131,6331
1532,3.21,0.99573,9.9,6,4732,3132,6332
1533,3.39,0.99717,9.0,5,4733,3133,6333
1534,3.42,0.99397,11.7,7,4734,3134,6334
1535,3.36,0.9959,9.7,6,4735,3135,6335
1536,3.6,0.99528,10.3,6,4736,3136,6336
1537,3.5,0.99484,10.2,6,4737,3137,6337
1538,3.57,0.99538,12.0,5,4738,3138,6338
1539,3.46,0.99714,9.9,5,4739,3139,6339
1540,3.56,0.99646,11.6,6,4740,3140,6340
1541,3.4,0.99666,10.9,7,4741,3141,6341
1542,3.3,0.99472,10.75,6,4742,3142,6342
1543,3.25,0.99758,10.4,6,4743,3143,6343
1544,3.17,0.9955,11.2,7,4744,3144,6344
1545,3.36,0.99531,10.1,6,4745,3145,6345
1546,3.36,0.99575,10.2,5,4746,3146,6346
1547,3.55,0.99306,12.1,5,4747,3147,6347
1548,3.1,0.99783,10.4,5,4748,3148,6348
1549,3.24,0.99419,11.4,8,4749,3149,6349
1550,3.45,0.99783,9.5,5,4750,3150,6350
1551,3.44,0.99768,9.4,5,4751,3151,6351
1552,3.51,0.99586,11.3,6,4752,3152,6352
1553,3.41,0.99765,9.4,5,4753,3153,6353
1554,3.54,0.99627,11.0,6,4754,3154,6354
1555,3.44,0.99514,10.55,7,4755,3155,6355
1556,3.53,0.99636,9.9,5,4756,3156,6356
1557,3.54,0.99627,11.0,6,4757,3157,6357
1558,3.22,0.99787,9.5,5,4758,3158,6358
1559,3.21,0.99622,9.9,5,4759,3159,6359
1560,3.21,0.99622,9.9,5,4760,3160,6360
1561,3.21,0.99622,9.9,5,4761,3161,6361
1562,3.29,0.99546,10.1,5,4762,3162,6362
1563,3.29,0.99546,10.1,5,4763,3163,6363
1564,3.29,0.99546,10.1,5,4764,3164,6364
1565,3.39,0.99489,10.9,6,4765,3165,6365
1566,3.34,0.99494,11.2,6,4766,3166,6366
1567,3.29,0.99546,10.1,5,4767,3167,6367
1568,3.34,0.99629,9.2,5,4768,3168,6368
1569,3.48,0.99396,11.5,6,4769,3169,6369
1570,3.37,0.9934,12.4,6,4770,3170,6370
1571,3.44,0.99514,11.1,6,4771,3171,6371
1572,3.33,0.99632,9.5,5,4772,3172,6372
1573,3.58,0.99467,12.5,6,4773,3173,6373
1574,3.39,0.99677,10.5,6,4774,3174,6374
1575,3.26,0.99474,11.8,6,4775,3175,6375
1576,3.3,0.99588,10.8,6,4776,3176,6376
1577,3.54,0.99622,11.9,6,4777,3177,6377
1578,3.42,0.9954,11.3,6,4778,3178,6378
1579,3.54,0.99402,11.3,5,4779,3179,6379
1580,3.36,0.9947,11.9,6,4780,3180,6380
1581,3.54,0.99402,11.3,5,4781,3181,6381
1582,3.57,0.99362,11.9,5,4782,3182,6382
1583,3.33,0.99578,9.8,5,4783,3183,6383
1584,3.29,0.99484,11.6,7,4784,3184,6384
1585,3.3,0.99494,11.5,6,4785,3185,6385
1586,3.34,0.99492,11.4,6,4786,3186,6386
1587,3.55,0.99483,10.9,6,4787,3187,6387
1588,3.27,0.99414,12.8,6,4788,3188,6388
1589,3.29,0.9977,9.2,5,4789,3189,6389
1590,3.32,0.99314,11.6,6,4790,3190,6390
1591,3.67,0.99402,11.6,6,4791,3191,6391
1592,3.42,0.99574,11.0,6,4792,3192,6392
1593,3.42,0.99651,9.5,6,4793,3193,6393
1594,3.45,0.9949,10.5,5,4794,3194,6394
1595,3.52,0.99512,11.2,6,4795,3195,6395
1596,3.42,0.99574,11.0,6,4796,3196,6396
1597,3.57,0.99547,10.2,5,4797,3197,6397
1598,3.39,0.99549,11.0,6,4798,3198,6398
