,acidityid,fixed acidity,volatile acidity,citric acid
0,4800,7.4,0.7,0.0
1,4801,7.8,0.88,0.0
2,4802,7.8,0.76,0.04
3,4803,11.2,0.28,0.56
4,4804,7.4,0.7,0.0
5,4805,7.4,0.66,0.0
6,4806,7.9,0.6,0.06
7,4807,7.3,0.65,0.0
8,4808,7.8,0.58,0.02
9,4809,7.5,0.5,0.36
10,4810,6.7,0.58,0.08
11,4811,7.5,0.5,0.36
12,4812,5.6,0.615,0.0
13,4813,7.8,0.61,0.29
14,4814,8.9,0.62,0.18
15,4815,8.9,0.62,0.19
16,4816,8.5,0.28,0.56
17,4817,8.1,0.56,0.28
18,4818,7.4,0.59,0.08
19,4819,7.9,0.32,0.51
20,4820,8.9,0.22,0.48
21,4821,7.6,0.39,0.31
22,4822,7.9,0.43,0.21
23,4823,8.5,0.49,0.11
24,4824,6.9,0.4,0.14
25,4825,6.3,0.39,0.16
26,4826,7.6,0.41,0.24
27,4827,7.9,0.43,0.21
28,4828,7.1,0.71,0.0
29,4829,7.8,0.645,0.0
30,4830,6.7,0.675,0.07
31,4831,6.9,0.685,0.0
32,4832,8.3,0.655,0.12
33,4833,6.9,0.605,0.12
34,4834,5.2,0.32,0.25
35,4835,7.8,0.645,0.0
36,4836,7.8,0.6,0.14
37,4837,8.1,0.38,0.28
38,4838,5.7,1.13,0.09
39,4839,7.3,0.45,0.36
40,4840,7.3,0.45,0.36
41,4841,8.8,0.61,0.3
42,4842,7.5,0.49,0.2
43,4843,8.1,0.66,0.22
44,4844,6.8,0.67,0.02
45,4845,4.6,0.52,0.15
46,4846,7.7,0.935,0.43
47,4847,8.7,0.29,0.52
48,4848,6.4,0.4,0.23
49,4849,5.6,0.31,0.37
50,4850,8.8,0.66,0.26
51,4851,6.6,0.52,0.04
52,4852,6.6,0.5,0.04
53,4853,8.6,0.38,0.36
54,4854,7.6,0.51,0.15
55,4855,7.7,0.62,0.04
56,4856,10.2,0.42,0.57
57,4857,7.5,0.63,0.12
58,4858,7.8,0.59,0.18
59,4859,7.3,0.39,0.31
60,4860,8.8,0.4,0.4
61,4861,7.7,0.69,0.49
62,4862,7.5,0.52,0.16
63,4863,7.0,0.735,0.05
64,4864,7.2,0.725,0.05
65,4865,7.2,0.725,0.05
66,4866,7.5,0.52,0.11
67,4867,6.6,0.705,0.07
68,4868,9.3,0.32,0.57
69,4869,8.0,0.705,0.05
70,4870,7.7,0.63,0.08
71,4871,7.7,0.67,0.23
72,4872,7.7,0.69,0.22
73,4873,8.3,0.675,0.26
74,4874,9.7,0.32,0.54
75,4875,8.8,0.41,0.64
76,4876,8.8,0.41,0.64
77,4877,6.8,0.785,0.0
78,4878,6.7,0.75,0.12
79,4879,8.3,0.625,0.2
80,4880,6.2,0.45,0.2
81,4881,7.8,0.43,0.7
82,4882,7.4,0.5,0.47
83,4883,7.3,0.67,0.26
84,4884,6.3,0.3,0.48
85,4885,6.9,0.55,0.15
86,4886,8.6,0.49,0.28
87,4887,7.7,0.49,0.26
88,4888,9.3,0.39,0.44
89,4889,7.0,0.62,0.08
90,4890,7.9,0.52,0.26
91,4891,8.6,0.49,0.28
92,4892,8.6,0.49,0.29
93,4893,7.7,0.49,0.26
94,4894,5.0,1.02,0.04
95,4895,4.7,0.6,0.17
96,4896,6.8,0.775,0.0
97,4897,7.0,0.5,0.25
98,4898,7.6,0.9,0.06
99,4899,8.1,0.545,0.18
100,4900,8.3,0.61,0.3
101,4901,7.8,0.5,0.3
102,4902,8.1,0.545,0.18
103,4903,8.1,0.575,0.22
104,4904,7.2,0.49,0.24
105,4905,8.1,0.575,0.22
106,4906,7.8,0.41,0.68
107,4907,6.2,0.63,0.31
108,4908,8.0,0.33,0.53
109,4909,8.1,0.785,0.52
110,4910,7.8,0.56,0.19
111,4911,8.4,0.62,0.09
112,4912,8.4,0.6,0.1
113,4913,10.1,0.31,0.44
114,4914,7.8,0.56,0.19
115,4915,9.4,0.4,0.31
116,4916,8.3,0.54,0.28
117,4917,7.8,0.56,0.12
118,4918,8.8,0.55,0.04
119,4919,7.0,0.69,0.08
120,4920,7.3,1.07,0.09
121,4921,8.8,0.55,0.04
122,4922,7.3,0.695,0.0
123,4923,8.0,0.71,0.0
124,4924,7.8,0.5,0.17
125,4925,9.0,0.62,0.04
126,4926,8.2,1.33,0.0
127,4927,8.1,1.33,0.0
128,4928,8.0,0.59,0.16
129,4929,6.1,0.38,0.15
130,4930,8.0,0.745,0.56
131,4931,5.6,0.5,0.09
132,4932,5.6,0.5,0.09
133,4933,6.6,0.5,0.01
134,4934,7.9,1.04,0.05
135,4935,8.4,0.745,0.11
136,4936,8.3,0.715,0.15
137,4937,7.2,0.415,0.36
138,4938,7.8,0.56,0.19
139,4939,7.8,0.56,0.19
140,4940,8.4,0.745,0.11
141,4941,8.3,0.715,0.15
142,4942,5.2,0.34,0.0
143,4943,6.3,0.39,0.08
144,4944,5.2,0.34,0.0
145,4945,8.1,0.67,0.55
146,4946,5.8,0.68,0.02
147,4947,7.6,0.49,0.26
148,4948,6.9,0.49,0.1
149,4949,8.2,0.4,0.44
150,4950,7.3,0.33,0.47
151,4951,9.2,0.52,1.0
152,4952,7.5,0.6,0.03
153,4953,7.5,0.6,0.03
154,4954,7.1,0.43,0.42
155,4955,7.1,0.43,0.42
156,4956,7.1,0.43,0.42
157,4957,7.1,0.43,0.42
158,4958,7.1,0.68,0.0
159,4959,6.8,0.6,0.18
160,4960,7.6,0.95,0.03
161,4961,7.6,0.68,0.02
162,4962,7.8,0.53,0.04
163,4963,7.4,0.6,0.26
164,4964,7.3,0.59,0.26
165,4965,7.8,0.63,0.48
166,4966,6.8,0.64,0.1
167,4967,7.3,0.55,0.03
168,4968,6.8,0.63,0.07
169,4969,7.5,0.705,0.24
170,4970,7.9,0.885,0.03
171,4971,8.0,0.42,0.17
172,4972,8.0,0.42,0.17
173,4973,7.4,0.62,0.05
174,4974,7.3,0.38,0.21
175,4975,6.9,0.5,0.04
176,4976,7.3,0.38,0.21
177,4977,7.5,0.52,0.42
178,4978,7.0,0.805,0.0
179,4979,8.8,0.61,0.14
180,4980,8.8,0.61,0.14
181,4981,8.9,0.61,0.49
182,4982,7.2,0.73,0.02
183,4983,6.8,0.61,0.2
184,4984,6.7,0.62,0.21
185,4985,8.9,0.31,0.57
186,4986,7.4,0.39,0.48
187,4987,7.7,0.705,0.1
188,4988,7.9,0.5,0.33
189,4989,7.9,0.49,0.32
190,4990,8.2,0.5,0.35
191,4991,6.4,0.37,0.25
192,4992,6.8,0.63,0.12
193,4993,7.6,0.55,0.21
194,4994,7.6,0.55,0.21
195,4995,7.8,0.59,0.33
196,4996,7.3,0.58,0.3
197,4997,11.5,0.3,0.6
198,4998,5.4,0.835,0.08
199,4999,6.9,1.09,0.06
200,5000,9.6,0.32,0.47
201,5001,8.8,0.37,0.48
202,5002,6.8,0.5,0.11
203,5003,7.0,0.42,0.35
204,5004,7.0,0.43,0.36
205,5005,12.8,0.3,0.74
206,5006,12.8,0.3,0.74
207,5007,7.8,0.57,0.31
208,5008,7.8,0.44,0.28
209,5009,11.0,0.3,0.58
210,5010,9.7,0.53,0.6
211,5011,8.0,0.725,0.24
212,5012,11.6,0.44,0.64
213,5013,8.2,0.57,0.26
214,5014,7.8,0.735,0.08
215,5015,7.0,0.49,0.49
216,5016,8.7,0.625,0.16
217,5017,8.1,0.725,0.22
218,5018,7.5,0.49,0.19
219,5019,7.8,0.53,0.33
220,5020,7.8,0.34,0.37
221,5021,7.4,0.53,0.26
222,5022,6.8,0.61,0.04
223,5023,8.6,0.645,0.25
224,5024,8.4,0.635,0.36
225,5025,7.7,0.43,0.25
226,5026,8.9,0.59,0.5
227,5027,9.0,0.82,0.14
228,5028,7.7,0.43,0.25
229,5029,6.9,0.52,0.25
230,5030,5.2,0.48,0.04
231,5031,8.0,0.38,0.06
232,5032,8.5,0.37,0.2
233,5033,6.9,0.52,0.25
234,5034,8.2,1.0,0.09
235,5035,7.2,0.63,0.0
236,5036,7.2,0.63,0.0
237,5037,7.2,0.645,0.0
238,5038,7.2,0.63,0.0
239,5039,8.2,1.0,0.09
240,5040,8.9,0.635,0.37
241,5041,12.0,0.38,0.56
242,5042,7.7,0.58,0.1
243,5043,15.0,0.21,0.44
244,5044,15.0,0.21,0.44
245,5045,7.3,0.66,0.0
246,5046,7.1,0.68,0.07
247,5047,8.2,0.6,0.17
248,5048,7.7,0.53,0.06
249,5049,7.3,0.66,0.0
250,5050,10.8,0.32,0.44
251,5051,7.1,0.6,0.0
252,5052,11.1,0.35,0.48
253,5053,7.7,0.775,0.42
254,5054,7.1,0.6,0.0
255,5055,8.0,0.57,0.23
256,5056,9.4,0.34,0.37
257,5057,6.6,0.695,0.0
258,5058,7.7,0.41,0.76
259,5059,10.0,0.31,0.47
260,5060,7.9,0.33,0.23
261,5061,7.0,0.975,0.04
262,5062,8.0,0.52,0.03
263,5063,7.9,0.37,0.23
264,5064,12.5,0.56,0.49
265,5065,11.8,0.26,0.52
266,5066,8.1,0.87,0.0
267,5067,7.9,0.35,0.46
268,5068,6.9,0.54,0.04
269,5069,11.5,0.18,0.51
270,5070,7.9,0.545,0.06
271,5071,11.5,0.18,0.51
272,5072,10.9,0.37,0.58
273,5073,8.4,0.715,0.2
274,5074,7.5,0.65,0.18
275,5075,7.9,0.545,0.06
276,5076,6.9,0.54,0.04
277,5077,11.5,0.18,0.51
278,5078,10.3,0.32,0.45
279,5079,8.9,0.4,0.32
280,5080,11.4,0.26,0.44
281,5081,7.7,0.27,0.68
282,5082,7.6,0.52,0.12
283,5083,8.9,0.4,0.32
284,5084,9.9,0.59,0.07
285,5085,9.9,0.59,0.07
286,5086,12.0,0.45,0.55
287,5087,7.5,0.4,0.12
288,5088,8.7,0.52,0.09
289,5089,11.6,0.42,0.53
290,5090,8.7,0.52,0.09
291,5091,11.0,0.2,0.48
292,5092,10.4,0.55,0.23
293,5093,6.9,0.36,0.25
294,5094,13.3,0.34,0.52
295,5095,10.8,0.5,0.46
296,5096,10.6,0.83,0.37
297,5097,7.1,0.63,0.06
298,5098,7.2,0.65,0.02
299,5099,6.9,0.67,0.06
300,5100,7.5,0.53,0.06
301,5101,11.1,0.18,0.48
302,5102,8.3,0.705,0.12
303,5103,7.4,0.67,0.12
304,5104,8.4,0.65,0.6
305,5105,10.3,0.53,0.48
306,5106,7.6,0.62,0.32
307,5107,10.3,0.41,0.42
308,5108,10.3,0.43,0.44
309,5109,7.4,0.29,0.38
310,5110,10.3,0.53,0.48
311,5111,7.9,0.53,0.24
312,5112,9.0,0.46,0.31
313,5113,8.6,0.47,0.3
314,5114,7.4,0.36,0.29
315,5115,7.1,0.35,0.29
316,5116,9.6,0.56,0.23
317,5117,9.6,0.77,0.12
318,5118,9.8,0.66,0.39
319,5119,9.6,0.77,0.12
320,5120,9.8,0.66,0.39
321,5121,9.3,0.61,0.26
322,5122,7.8,0.62,0.05
323,5123,10.3,0.59,0.42
324,5124,10.0,0.49,0.2
325,5125,10.0,0.49,0.2
326,5126,11.6,0.53,0.66
327,5127,10.3,0.44,0.5
328,5128,13.4,0.27,0.62
329,5129,10.7,0.46,0.39
330,5130,10.2,0.36,0.64
331,5131,10.2,0.36,0.64
332,5132,8.0,0.58,0.28
333,5133,8.4,0.56,0.08
334,5134,7.9,0.65,0.01
335,5135,11.9,0.695,0.53
336,5136,8.9,0.43,0.45
337,5137,7.8,0.43,0.32
338,5138,12.4,0.49,0.58
339,5139,12.5,0.28,0.54
340,5140,12.2,0.34,0.5
341,5141,10.6,0.42,0.48
342,5142,10.9,0.39,0.47
343,5143,10.9,0.39,0.47
344,5144,11.9,0.57,0.5
345,5145,7.0,0.685,0.0
346,5146,6.6,0.815,0.02
347,5147,13.8,0.49,0.67
348,5148,9.6,0.56,0.31
349,5149,9.1,0.785,0.0
350,5150,10.7,0.67,0.22
351,5151,9.1,0.795,0.0
352,5152,7.7,0.665,0.0
353,5153,13.5,0.53,0.79
354,5154,6.1,0.21,0.4
355,5155,6.7,0.75,0.01
356,5156,11.5,0.41,0.52
357,5157,10.5,0.42,0.66
358,5158,11.9,0.43,0.66
359,5159,12.6,0.38,0.66
360,5160,8.2,0.7,0.23
361,5161,8.6,0.45,0.31
362,5162,11.9,0.58,0.66
363,5163,12.5,0.46,0.63
364,5164,12.8,0.615,0.66
365,5165,10.0,0.42,0.5
366,5166,12.8,0.615,0.66
367,5167,10.4,0.575,0.61
368,5168,10.3,0.34,0.52
369,5169,9.4,0.27,0.53
370,5170,6.9,0.765,0.02
371,5171,7.9,0.24,0.4
372,5172,9.1,0.28,0.48
373,5173,7.4,0.55,0.22
374,5174,14.0,0.41,0.63
375,5175,11.5,0.54,0.71
376,5176,11.5,0.45,0.5
377,5177,9.4,0.27,0.53
378,5178,11.4,0.625,0.66
379,5179,8.3,0.42,0.38
380,5180,8.3,0.26,0.42
381,5181,13.7,0.415,0.68
382,5182,8.3,0.26,0.42
383,5183,8.3,0.26,0.42
384,5184,7.7,0.51,0.28
385,5185,7.4,0.63,0.07
386,5186,7.8,0.54,0.26
387,5187,8.3,0.66,0.15
388,5188,7.8,0.46,0.26
389,5189,9.6,0.38,0.31
390,5190,5.6,0.85,0.05
391,5191,13.7,0.415,0.68
392,5192,9.5,0.37,0.52
393,5193,8.4,0.665,0.61
394,5194,12.7,0.6,0.65
395,5195,12.0,0.37,0.76
396,5196,6.6,0.735,0.02
397,5197,11.5,0.59,0.59
398,5198,11.5,0.59,0.59
399,5199,8.7,0.765,0.22
400,5200,6.6,0.735,0.02
401,5201,7.7,0.26,0.3
402,5202,12.2,0.48,0.54
403,5203,11.4,0.6,0.49
404,5204,7.7,0.69,0.05
405,5205,8.7,0.31,0.46
406,5206,9.8,0.44,0.47
407,5207,12.0,0.39,0.66
408,5208,10.4,0.34,0.58
409,5209,12.5,0.46,0.49
410,5210,9.0,0.43,0.34
411,5211,9.1,0.45,0.35
412,5212,7.1,0.735,0.16
413,5213,9.9,0.4,0.53
414,5214,8.8,0.52,0.34
415,5215,8.6,0.725,0.24
416,5216,10.6,0.48,0.64
417,5217,7.0,0.58,0.12
418,5218,11.9,0.38,0.51
419,5219,6.8,0.77,0.0
420,5220,9.5,0.56,0.33
421,5221,6.6,0.84,0.03
422,5222,7.7,0.96,0.2
423,5223,10.5,0.24,0.47
424,5224,7.7,0.96,0.2
425,5225,6.6,0.84,0.03
426,5226,6.4,0.67,0.08
427,5227,9.5,0.78,0.22
428,5228,9.1,0.52,0.33
429,5229,12.8,0.84,0.63
430,5230,10.5,0.24,0.47
431,5231,7.8,0.55,0.35
432,5232,11.9,0.37,0.69
433,5233,12.3,0.39,0.63
434,5234,10.4,0.41,0.55
435,5235,12.3,0.39,0.63
436,5236,8.0,0.67,0.3
437,5237,11.1,0.45,0.73
438,5238,10.4,0.41,0.55
439,5239,7.0,0.62,0.18
440,5240,12.6,0.31,0.72
441,5241,11.9,0.4,0.65
442,5242,15.6,0.685,0.76
443,5243,10.0,0.44,0.49
444,5244,5.3,0.57,0.01
445,5245,9.5,0.735,0.1
446,5246,12.5,0.38,0.6
447,5247,9.3,0.48,0.29
448,5248,8.6,0.53,0.22
449,5249,11.9,0.39,0.69
450,5250,11.9,0.39,0.69
451,5251,8.4,0.37,0.53
452,5252,6.8,0.56,0.03
453,5253,10.4,0.33,0.63
454,5254,7.0,0.23,0.4
455,5255,11.3,0.62,0.67
456,5256,8.9,0.59,0.39
457,5257,9.2,0.63,0.21
458,5258,10.4,0.33,0.63
459,5259,11.6,0.58,0.66
460,5260,9.2,0.43,0.52
461,5261,8.3,0.615,0.22
462,5262,11.0,0.26,0.68
463,5263,8.1,0.66,0.7
464,5264,11.5,0.315,0.54
465,5265,10.0,0.29,0.4
466,5266,10.3,0.5,0.42
467,5267,8.8,0.46,0.45
468,5268,11.4,0.36,0.69
469,5269,8.7,0.82,0.02
470,5270,13.0,0.32,0.65
471,5271,9.6,0.54,0.42
472,5272,12.5,0.37,0.55
473,5273,9.9,0.35,0.55
474,5274,10.5,0.28,0.51
475,5275,9.6,0.68,0.24
476,5276,9.3,0.27,0.41
477,5277,10.4,0.24,0.49
478,5278,9.6,0.68,0.24
479,5279,9.4,0.685,0.11
480,5280,10.6,0.28,0.39
481,5281,9.4,0.3,0.56
482,5282,10.6,0.36,0.59
483,5283,10.6,0.36,0.6
484,5284,10.6,0.44,0.68
485,5285,10.2,0.67,0.39
486,5286,10.2,0.67,0.39
487,5287,10.2,0.645,0.36
488,5288,11.6,0.32,0.55
489,5289,9.3,0.39,0.4
490,5290,9.3,0.775,0.27
491,5291,9.2,0.41,0.5
492,5292,8.9,0.4,0.51
493,5293,8.7,0.69,0.31
494,5294,6.5,0.39,0.23
495,5295,10.7,0.35,0.53
496,5296,7.8,0.52,0.25
497,5297,7.2,0.34,0.32
498,5298,10.7,0.35,0.53
499,5299,8.7,0.69,0.31
500,5300,7.8,0.52,0.25
501,5301,10.4,0.44,0.73
502,5302,10.4,0.44,0.73
503,5303,10.5,0.26,0.47
504,5304,10.5,0.24,0.42
505,5305,10.2,0.49,0.63
506,5306,10.4,0.24,0.46
507,5307,11.2,0.67,0.55
508,5308,10.0,0.59,0.31
509,5309,13.3,0.29,0.75
510,5310,12.4,0.42,0.49
511,5311,10.0,0.59,0.31
512,5312,10.7,0.4,0.48
513,5313,10.5,0.51,0.64
514,5314,10.5,0.51,0.64
515,5315,8.5,0.655,0.49
516,5316,12.5,0.6,0.49
517,5317,10.4,0.61,0.49
518,5318,10.9,0.21,0.49
519,5319,7.3,0.365,0.49
520,5320,9.8,0.25,0.49
521,5321,7.6,0.41,0.49
522,5322,8.2,0.39,0.49
523,5323,9.3,0.4,0.49
524,5324,9.2,0.43,0.49
525,5325,10.4,0.64,0.24
526,5326,7.3,0.365,0.49
527,5327,7.0,0.38,0.49
528,5328,8.2,0.42,0.49
529,5329,9.9,0.63,0.24
530,5330,9.1,0.22,0.24
531,5331,11.9,0.38,0.49
532,5332,11.9,0.38,0.49
533,5333,10.3,0.27,0.24
534,5334,10.0,0.48,0.24
535,5335,9.1,0.22,0.24
536,5336,9.9,0.63,0.24
537,5337,8.1,0.825,0.24
538,5338,12.9,0.35,0.49
539,5339,11.2,0.5,0.74
540,5340,9.2,0.59,0.24
541,5341,9.5,0.46,0.49
542,5342,9.3,0.715,0.24
543,5343,11.2,0.66,0.24
544,5344,14.3,0.31,0.74
545,5345,9.1,0.47,0.49
546,5346,7.5,0.55,0.24
547,5347,10.6,0.31,0.49
548,5348,12.4,0.35,0.49
549,5349,9.0,0.53,0.49
550,5350,6.8,0.51,0.01
551,5351,9.4,0.43,0.24
552,5352,9.5,0.46,0.24
553,5353,5.0,1.04,0.24
554,5354,15.5,0.645,0.49
555,5355,15.5,0.645,0.49
556,5356,10.9,0.53,0.49
557,5357,15.6,0.645,0.49
558,5358,10.9,0.53,0.49
559,5359,13.0,0.47,0.49
560,5360,12.7,0.6,0.49
561,5361,9.0,0.44,0.49
562,5362,9.0,0.54,0.49
563,5363,7.6,0.29,0.49
564,5364,13.0,0.47,0.49
565,5365,12.7,0.6,0.49
566,5366,8.7,0.7,0.24
567,5367,8.7,0.7,0.24
568,5368,9.8,0.5,0.49
569,5369,6.2,0.36,0.24
570,5370,11.5,0.35,0.49
571,5371,6.2,0.36,0.24
572,5372,10.2,0.24,0.49
573,5373,10.5,0.59,0.49
574,5374,10.6,0.34,0.49
575,5375,12.3,0.27,0.49
576,5376,9.9,0.5,0.24
577,5377,8.8,0.44,0.49
578,5378,8.8,0.47,0.49
579,5379,10.6,0.31,0.49
580,5380,12.3,0.5,0.49
581,5381,12.3,0.5,0.49
582,5382,11.7,0.49,0.49
583,5383,12.0,0.28,0.49
584,5384,11.8,0.33,0.49
585,5385,7.6,0.51,0.24
586,5386,11.1,0.31,0.49
587,5387,7.3,0.73,0.24
588,5388,5.0,0.42,0.24
589,5389,10.2,0.29,0.49
590,5390,9.0,0.45,0.49
591,5391,6.6,0.39,0.49
592,5392,9.0,0.45,0.49
593,5393,9.9,0.49,0.58
594,5394,7.9,0.72,0.17
595,5395,8.9,0.595,0.41
596,5396,12.4,0.4,0.51
597,5397,11.9,0.58,0.58
598,5398,8.5,0.585,0.18
599,5399,12.7,0.59,0.45
600,5400,8.2,0.915,0.27
601,5401,13.2,0.46,0.52
602,5402,7.7,0.835,0.0
603,5403,13.2,0.46,0.52
604,5404,8.3,0.58,0.13
605,5405,8.3,0.6,0.13
606,5406,9.4,0.41,0.48
607,5407,8.8,0.48,0.41
608,5408,10.1,0.65,0.37
609,5409,6.3,0.36,0.19
610,5410,8.8,0.24,0.54
611,5411,13.2,0.38,0.55
612,5412,7.5,0.64,0.0
613,5413,8.2,0.39,0.38
614,5414,9.2,0.755,0.18
615,5415,9.6,0.6,0.5
616,5416,9.6,0.6,0.5
617,5417,11.5,0.31,0.51
618,5418,11.4,0.46,0.5
619,5419,11.3,0.37,0.41
620,5420,8.3,0.54,0.24
621,5421,8.2,0.56,0.23
622,5422,10.0,0.58,0.22
623,5423,7.9,0.51,0.25
624,5424,6.8,0.69,0.0
625,5425,6.8,0.69,0.0
626,5426,8.8,0.6,0.29
627,5427,8.8,0.6,0.29
628,5428,8.7,0.54,0.26
629,5429,7.6,0.685,0.23
630,5430,8.7,0.54,0.26
631,5431,10.4,0.28,0.54
632,5432,7.6,0.41,0.14
633,5433,10.1,0.935,0.22
634,5434,7.9,0.35,0.21
635,5435,8.7,0.84,0.0
636,5436,9.6,0.88,0.28
637,5437,9.5,0.885,0.27
638,5438,7.7,0.915,0.12
639,5439,8.9,0.29,0.35
640,5440,9.9,0.54,0.45
641,5441,9.5,0.59,0.44
642,5442,9.9,0.54,0.45
643,5443,9.5,0.59,0.44
644,5444,9.9,0.54,0.45
645,5445,7.8,0.64,0.1
646,5446,7.3,0.67,0.05
647,5447,8.3,0.845,0.01
648,5448,8.7,0.48,0.3
649,5449,6.7,0.42,0.27
650,5450,10.7,0.43,0.39
651,5451,9.8,0.88,0.25
652,5452,15.9,0.36,0.65
653,5453,9.4,0.33,0.59
654,5454,8.6,0.47,0.47
655,5455,9.7,0.55,0.17
656,5456,10.7,0.43,0.39
657,5457,12.0,0.5,0.59
658,5458,7.2,0.52,0.07
659,5459,7.1,0.84,0.02
660,5460,7.2,0.52,0.07
661,5461,7.5,0.42,0.31
662,5462,7.2,0.57,0.06
663,5463,10.1,0.28,0.46
664,5464,12.1,0.4,0.52
665,5465,9.4,0.59,0.14
666,5466,8.3,0.49,0.36
667,5467,11.3,0.34,0.45
668,5468,10.0,0.73,0.43
669,5469,11.3,0.34,0.45
670,5470,6.9,0.4,0.24
671,5471,8.2,0.73,0.21
672,5472,9.8,1.24,0.34
673,5473,8.2,0.73,0.21
674,5474,10.8,0.4,0.41
675,5475,9.3,0.41,0.39
676,5476,10.8,0.4,0.41
677,5477,8.6,0.8,0.11
678,5478,8.3,0.78,0.1
679,5479,10.8,0.26,0.45
680,5480,13.3,0.43,0.58
681,5481,8.0,0.45,0.23
682,5482,8.5,0.46,0.31
683,5483,8.1,0.78,0.23
684,5484,9.8,0.98,0.32
685,5485,8.1,0.78,0.23
686,5486,7.1,0.65,0.18
687,5487,9.1,0.64,0.23
688,5488,7.7,0.66,0.04
689,5489,8.1,0.38,0.48
690,5490,7.4,1.185,0.0
691,5491,9.2,0.92,0.24
692,5492,8.6,0.49,0.51
693,5493,9.0,0.48,0.32
694,5494,9.0,0.47,0.31
695,5495,5.1,0.47,0.02
696,5496,7.0,0.65,0.02
697,5497,7.0,0.65,0.02
698,5498,9.4,0.615,0.28
699,5499,11.8,0.38,0.55
700,5500,10.6,1.02,0.43
701,5501,7.0,0.65,0.02
702,5502,7.0,0.64,0.02
703,5503,7.5,0.38,0.48
704,5504,9.1,0.765,0.04
705,5505,8.4,1.035,0.15
706,5506,7.0,0.78,0.08
707,5507,7.4,0.49,0.19
708,5508,7.8,0.545,0.12
709,5509,9.7,0.31,0.47
710,5510,10.6,1.025,0.43
711,5511,8.9,0.565,0.34
712,5512,8.7,0.69,0.0
713,5513,8.0,0.43,0.36
714,5514,9.9,0.74,0.28
715,5515,7.2,0.49,0.18
716,5516,8.0,0.43,0.36
717,5517,7.6,0.46,0.11
718,5518,8.4,0.56,0.04
719,5519,7.1,0.66,0.0
720,5520,8.4,0.56,0.04
721,5521,8.9,0.48,0.24
722,5522,7.6,0.42,0.08
723,5523,7.1,0.31,0.3
724,5524,7.5,1.115,0.1
725,5525,9.0,0.66,0.17
726,5526,8.1,0.72,0.09
727,5527,6.4,0.57,0.02
728,5528,6.4,0.57,0.02
729,5529,6.4,0.865,0.03
730,5530,9.5,0.55,0.66
731,5531,8.9,0.875,0.13
732,5532,7.3,0.835,0.03
733,5533,7.0,0.45,0.34
734,5534,7.7,0.56,0.2
735,5535,7.7,0.965,0.1
736,5536,7.7,0.965,0.1
737,5537,8.2,0.59,0.0
738,5538,9.0,0.46,0.23
739,5539,9.0,0.69,0.0
740,5540,8.3,0.76,0.29
741,5541,9.2,0.53,0.24
742,5542,6.5,0.615,0.0
743,5543,11.6,0.41,0.58
744,5544,11.1,0.39,0.54
745,5545,7.3,0.51,0.18
746,5546,8.2,0.34,0.38
747,5547,8.6,0.33,0.4
748,5548,7.2,0.5,0.18
749,5549,7.3,0.51,0.18
750,5550,8.3,0.65,0.1
751,5551,8.3,0.65,0.1
752,5552,7.6,0.54,0.13
753,5553,8.3,0.65,0.1
754,5554,7.8,0.48,0.68
755,5555,7.8,0.91,0.07
756,5556,6.3,0.98,0.01
757,5557,8.1,0.87,0.0
758,5558,8.1,0.87,0.0
759,5559,8.8,0.42,0.21
760,5560,9.0,0.58,0.25
761,5561,9.3,0.655,0.26
762,5562,8.8,0.7,0.0
763,5563,9.3,0.655,0.26
764,5564,9.1,0.68,0.11
765,5565,9.2,0.67,0.1
766,5566,8.8,0.59,0.18
767,5567,7.5,0.6,0.32
768,5568,7.1,0.59,0.02
769,5569,7.9,0.72,0.01
770,5570,7.1,0.59,0.02
771,5571,9.4,0.685,0.26
772,5572,9.5,0.57,0.27
773,5573,7.9,0.4,0.29
774,5574,7.9,0.4,0.3
775,5575,7.2,1.0,0.0
776,5576,6.9,0.765,0.18
777,5577,6.9,0.635,0.17
778,5578,8.3,0.43,0.3
779,5579,7.1,0.52,0.03
780,5580,7.0,0.57,0.0
781,5581,6.5,0.46,0.14
782,5582,9.0,0.82,0.05
783,5583,6.5,0.46,0.14
784,5584,7.1,0.59,0.01
785,5585,9.9,0.35,0.41
786,5586,9.9,0.35,0.41
787,5587,10.0,0.56,0.24
788,5588,10.0,0.56,0.24
789,5589,8.6,0.63,0.17
790,5590,7.4,0.37,0.43
791,5591,8.8,0.64,0.17
792,5592,7.1,0.61,0.02
793,5593,7.7,0.6,0.0
794,5594,10.1,0.27,0.54
795,5595,10.8,0.89,0.3
796,5596,8.7,0.46,0.31
797,5597,9.3,0.37,0.44
798,5598,9.4,0.5,0.34
799,5599,9.4,0.5,0.34
800,5600,7.2,0.61,0.08
801,5601,8.6,0.55,0.09
802,5602,5.1,0.585,0.0
803,5603,7.7,0.56,0.08
804,5604,8.4,0.52,0.22
805,5605,8.2,0.28,0.4
806,5606,8.4,0.25,0.39
807,5607,8.2,0.28,0.4
808,5608,7.4,0.53,0.12
809,5609,7.6,0.48,0.31
810,5610,7.3,0.49,0.1
811,5611,12.9,0.5,0.55
812,5612,10.8,0.45,0.33
813,5613,6.9,0.39,0.24
814,5614,12.6,0.41,0.54
815,5615,10.8,0.45,0.33
816,5616,9.8,0.51,0.19
817,5617,10.8,0.29,0.42
818,5618,7.1,0.715,0.0
819,5619,9.1,0.66,0.15
820,5620,7.0,0.685,0.0
821,5621,4.9,0.42,0.0
822,5622,6.7,0.54,0.13
823,5623,6.7,0.54,0.13
824,5624,7.1,0.48,0.28
825,5625,7.1,0.46,0.14
826,5626,7.5,0.27,0.34
827,5627,7.1,0.46,0.14
828,5628,7.8,0.57,0.09
829,5629,5.9,0.61,0.08
830,5630,7.5,0.685,0.07
831,5631,5.9,0.61,0.08
832,5632,10.4,0.44,0.42
833,5633,11.6,0.47,0.44
834,5634,8.8,0.685,0.26
835,5635,7.6,0.665,0.1
836,5636,6.7,0.28,0.28
837,5637,6.7,0.28,0.28
838,5638,10.1,0.31,0.35
839,5639,6.0,0.5,0.04
840,5640,11.1,0.42,0.47
841,5641,6.6,0.66,0.0
842,5642,10.6,0.5,0.45
843,5643,7.1,0.685,0.35
844,5644,9.9,0.25,0.46
845,5645,6.4,0.64,0.21
846,5646,6.4,0.64,0.21
847,5647,7.4,0.68,0.16
848,5648,6.4,0.64,0.21
849,5649,6.4,0.63,0.21
850,5650,9.3,0.43,0.44
851,5651,9.3,0.43,0.44
852,5652,8.0,0.42,0.32
853,5653,9.3,0.36,0.39
854,5654,9.3,0.36,0.39
855,5655,7.6,0.735,0.02
856,5656,9.3,0.36,0.39
857,5657,8.2,0.26,0.34
858,5658,11.7,0.28,0.47
859,5659,6.8,0.56,0.22
860,5660,7.2,0.62,0.06
861,5661,5.8,1.01,0.66
862,5662,7.5,0.42,0.32
863,5663,7.2,0.62,0.06
864,5664,7.2,0.62,0.06
865,5665,7.2,0.635,0.07
866,5666,6.8,0.49,0.22
867,5667,6.9,0.51,0.23
868,5668,6.8,0.56,0.22
869,5669,7.6,0.63,0.03
870,5670,7.7,0.715,0.01
871,5671,6.9,0.56,0.03
872,5672,7.3,0.35,0.24
873,5673,9.1,0.21,0.37
874,5674,10.4,0.38,0.46
875,5675,8.8,0.31,0.4
876,5676,7.1,0.47,0.0
877,5677,7.7,0.715,0.01
878,5678,8.8,0.61,0.19
879,5679,7.2,0.6,0.04
880,5680,9.2,0.56,0.18
881,5681,7.6,0.715,0.0
882,5682,8.4,0.31,0.29
883,5683,7.2,0.6,0.04
884,5684,8.8,0.61,0.19
885,5685,8.9,0.75,0.14
886,5686,9.0,0.8,0.12
887,5687,10.7,0.52,0.38
888,5688,6.8,0.57,0.0
889,5689,10.7,0.9,0.34
890,5690,7.2,0.34,0.24
891,5691,7.2,0.66,0.03
892,5692,10.1,0.45,0.23
893,5693,7.2,0.66,0.03
894,5694,7.2,0.63,0.03
895,5695,7.1,0.59,0.01
896,5696,8.3,0.31,0.39
897,5697,7.1,0.59,0.01
898,5698,8.3,0.31,0.39
899,5699,8.3,1.02,0.02
900,5700,8.9,0.31,0.36
901,5701,7.4,0.635,0.1
902,5702,7.4,0.635,0.1
903,5703,6.8,0.59,0.06
904,5704,6.8,0.59,0.06
905,5705,9.2,0.58,0.2
906,5706,7.2,0.54,0.27
907,5707,6.1,0.56,0.0
908,5708,7.4,0.52,0.13
909,5709,7.3,0.305,0.39
910,5710,9.3,0.38,0.48
911,5711,9.1,0.28,0.46
912,5712,10.0,0.46,0.44
913,5713,9.4,0.395,0.46
914,5714,7.3,0.305,0.39
915,5715,8.6,0.315,0.4
916,5716,5.3,0.715,0.19
917,5717,6.8,0.41,0.31
918,5718,8.4,0.36,0.32
919,5719,8.4,0.62,0.12
920,5720,9.6,0.41,0.37
921,5721,8.4,0.36,0.32
922,5722,8.4,0.62,0.12
923,5723,6.8,0.41,0.31
924,5724,8.6,0.47,0.27
925,5725,8.6,0.22,0.36
926,5726,9.4,0.24,0.33
927,5727,8.4,0.67,0.19
928,5728,8.6,0.47,0.27
929,5729,8.7,0.33,0.38
930,5730,6.6,0.61,0.01
931,5731,7.4,0.61,0.01
932,5732,7.6,0.4,0.29
933,5733,7.4,0.61,0.01
934,5734,6.6,0.61,0.01
935,5735,8.8,0.3,0.38
936,5736,8.8,0.3,0.38
937,5737,12.0,0.63,0.5
938,5738,7.2,0.38,0.38
939,5739,6.2,0.46,0.17
940,5740,9.6,0.33,0.52
941,5741,9.9,0.27,0.49
942,5742,10.1,0.43,0.4
943,5743,9.8,0.5,0.34
944,5744,8.3,0.3,0.49
945,5745,10.2,0.44,0.42
946,5746,10.2,0.44,0.58
947,5747,8.3,0.28,0.48
948,5748,8.9,0.12,0.45
949,5749,8.9,0.12,0.45
950,5750,8.9,0.12,0.45
951,5751,8.3,0.28,0.48
952,5752,8.2,0.31,0.4
953,5753,10.2,0.34,0.48
954,5754,7.6,0.43,0.4
955,5755,8.5,0.21,0.52
956,5756,9.0,0.36,0.52
957,5757,9.5,0.37,0.52
958,5758,6.4,0.57,0.12
959,5759,8.0,0.59,0.05
960,5760,8.5,0.47,0.27
961,5761,7.1,0.56,0.14
962,5762,6.6,0.57,0.02
963,5763,8.8,0.27,0.39
964,5764,8.5,0.47,0.27
965,5765,8.3,0.34,0.4
966,5766,9.0,0.38,0.41
967,5767,8.5,0.66,0.2
968,5768,9.0,0.4,0.43
969,5769,6.7,0.56,0.09
970,5770,10.4,0.26,0.48
971,5771,10.4,0.26,0.48
972,5772,10.1,0.38,0.5
973,5773,8.5,0.34,0.44
974,5774,8.8,0.33,0.41
975,5775,7.2,0.41,0.3
976,5776,7.2,0.41,0.3
977,5777,8.4,0.59,0.29
978,5778,7.0,0.4,0.32
979,5779,12.2,0.45,0.49
980,5780,9.1,0.5,0.3
981,5781,9.5,0.86,0.26
982,5782,7.3,0.52,0.32
983,5783,9.1,0.5,0.3
984,5784,12.2,0.45,0.49
985,5785,7.4,0.58,0.0
986,5786,9.8,0.34,0.39
987,5787,7.1,0.36,0.3
988,5788,7.7,0.39,0.12
989,5789,9.7,0.295,0.4
990,5790,7.7,0.39,0.12
991,5791,7.1,0.34,0.28
992,5792,6.5,0.4,0.1
993,5793,7.1,0.34,0.28
994,5794,10.0,0.35,0.45
995,5795,7.7,0.6,0.06
996,5796,5.6,0.66,0.0
997,5797,5.6,0.66,0.0
998,5798,8.9,0.84,0.34
999,5799,6.4,0.69,0.0
1000,5800,7.5,0.43,0.3
1001,5801,9.9,0.35,0.38
1002,5802,9.1,0.29,0.33
1003,5803,6.8,0.36,0.32
1004,5804,8.2,0.43,0.29
1005,5805,6.8,0.36,0.32
1006,5806,9.1,0.29,0.33
1007,5807,9.1,0.3,0.34
1008,5808,8.9,0.35,0.4
1009,5809,9.6,0.5,0.36
1010,5810,8.9,0.28,0.45
1011,5811,8.9,0.32,0.31
1012,5812,7.7,1.005,0.15
1013,5813,7.5,0.71,0.0
1014,5814,8.0,0.58,0.16
1015,5815,10.5,0.39,0.46
1016,5816,8.9,0.38,0.4
1017,5817,8.0,0.18,0.37
1018,5818,8.0,0.18,0.37
1019,5819,7.0,0.5,0.14
1020,5820,11.3,0.36,0.66
1021,5821,11.3,0.36,0.66
1022,5822,7.0,0.51,0.09
1023,5823,8.2,0.32,0.42
1024,5824,7.7,0.58,0.01
1025,5825,8.6,0.83,0.0
1026,5826,7.9,0.31,0.32
1027,5827,6.4,0.795,0.0
1028,5828,7.2,0.34,0.21
1029,5829,7.7,0.58,0.01
1030,5830,7.1,0.59,0.0
1031,5831,7.3,0.55,0.01
1032,5832,8.1,0.82,0.0
1033,5833,7.5,0.57,0.08
1034,5834,8.9,0.745,0.18
1035,5835,10.1,0.37,0.34
1036,5836,7.6,0.31,0.34
1037,5837,7.3,0.91,0.1
1038,5838,8.7,0.41,0.41
1039,5839,8.9,0.5,0.21
1040,5840,7.4,0.965,0.0
1041,5841,6.9,0.49,0.19
1042,5842,8.9,0.5,0.21
1043,5843,9.5,0.39,0.41
1044,5844,6.4,0.39,0.33
1045,5845,6.9,0.44,0.0
1046,5846,7.6,0.78,0.0
1047,5847,7.1,0.43,0.17
1048,5848,9.3,0.49,0.36
1049,5849,9.3,0.5,0.36
1050,5850,7.1,0.43,0.17
1051,5851,8.5,0.46,0.59
1052,5852,5.6,0.605,0.05
1053,5853,8.3,0.33,0.42
1054,5854,8.2,0.64,0.27
1055,5855,8.2,0.64,0.27
1056,5856,8.9,0.48,0.53
1057,5857,7.6,0.42,0.25
1058,5858,9.9,0.53,0.57
1059,5859,8.9,0.48,0.53
1060,5860,11.6,0.23,0.57
1061,5861,9.1,0.4,0.5
1062,5862,8.0,0.38,0.44
1063,5863,10.2,0.29,0.65
1064,5864,8.2,0.74,0.09
1065,5865,7.7,0.61,0.18
1066,5866,6.6,0.52,0.08
1067,5867,11.1,0.31,0.53
1068,5868,11.1,0.31,0.53
1069,5869,8.0,0.62,0.35
1070,5870,9.3,0.33,0.45
1071,5871,7.5,0.77,0.2
1072,5872,7.2,0.35,0.26
1073,5873,8.0,0.62,0.33
1074,5874,7.5,0.77,0.2
1075,5875,9.1,0.25,0.34
1076,5876,9.9,0.32,0.56
1077,5877,8.6,0.37,0.65
1078,5878,8.6,0.37,0.65
1079,5879,7.9,0.3,0.68
1080,5880,10.3,0.27,0.56
1081,5881,7.9,0.3,0.68
1082,5882,7.2,0.38,0.3
1083,5883,8.7,0.42,0.45
1084,5884,7.2,0.38,0.3
1085,5885,6.8,0.48,0.08
1086,5886,8.5,0.34,0.4
1087,5887,7.9,0.19,0.42
1088,5888,11.6,0.41,0.54
1089,5889,11.6,0.41,0.54
1090,5890,10.0,0.26,0.54
1091,5891,7.9,0.34,0.42
1092,5892,7.0,0.54,0.09
1093,5893,9.2,0.31,0.36
1094,5894,6.6,0.725,0.09
1095,5895,9.4,0.4,0.47
1096,5896,6.6,0.725,0.09
1097,5897,8.6,0.52,0.38
1098,5898,8.0,0.31,0.45
1099,5899,8.6,0.52,0.38
1100,5900,8.4,0.34,0.42
1101,5901,7.4,0.49,0.27
1102,5902,6.1,0.48,0.09
1103,5903,7.4,0.49,0.27
1104,5904,8.0,0.48,0.34
1105,5905,6.3,0.57,0.28
1106,5906,8.2,0.23,0.42
1107,5907,9.1,0.3,0.41
1108,5908,8.1,0.78,0.1
1109,5909,10.8,0.47,0.43
1110,5910,8.3,0.53,0.0
1111,5911,5.4,0.42,0.27
1112,5912,7.9,0.33,0.41
1113,5913,8.9,0.24,0.39
1114,5914,5.0,0.4,0.5
1115,5915,7.0,0.69,0.07
1116,5916,7.0,0.69,0.07
1117,5917,7.0,0.69,0.07
1118,5918,7.1,0.39,0.12
1119,5919,5.6,0.66,0.0
1120,5920,7.9,0.54,0.34
1121,5921,6.6,0.5,0.0
1122,5922,6.3,0.47,0.0
1123,5923,10.7,0.4,0.37
1124,5924,6.5,0.58,0.0
1125,5925,8.8,0.24,0.35
1126,5926,5.8,0.29,0.26
1127,5927,6.3,0.76,0.0
1128,5928,10.0,0.43,0.33
1129,5929,10.5,0.43,0.35
1130,5930,9.1,0.6,0.0
1131,5931,5.9,0.19,0.21
1132,5932,7.4,0.36,0.34
1133,5933,7.2,0.48,0.07
1134,5934,8.5,0.28,0.35
1135,5935,8.0,0.25,0.43
1136,5936,10.4,0.52,0.45
1137,5937,10.4,0.52,0.45
1138,5938,7.5,0.41,0.15
1139,5939,8.2,0.51,0.24
1140,5940,7.3,0.4,0.3
1141,5941,8.2,0.38,0.32
1142,5942,6.9,0.45,0.11
1143,5943,7.0,0.22,0.3
1144,5944,7.3,0.32,0.23
1145,5945,8.2,0.2,0.43
1146,5946,7.8,0.5,0.12
1147,5947,10.0,0.41,0.45
1148,5948,7.8,0.39,0.42
1149,5949,10.0,0.35,0.47
1150,5950,8.2,0.33,0.32
1151,5951,6.1,0.58,0.23
1152,5952,8.3,0.6,0.25
1153,5953,9.6,0.42,0.35
1154,5954,6.6,0.58,0.0
1155,5955,8.3,0.6,0.25
1156,5956,8.5,0.18,0.51
1157,5957,5.1,0.51,0.18
1158,5958,6.7,0.41,0.43
1159,5959,10.2,0.41,0.43
1160,5960,10.6,0.36,0.57
1161,5961,8.8,0.45,0.43
1162,5962,8.5,0.32,0.42
1163,5963,9.0,0.785,0.24
1164,5964,9.0,0.785,0.24
1165,5965,8.5,0.44,0.5
1166,5966,9.9,0.54,0.26
1167,5967,8.2,0.33,0.39
1168,5968,6.5,0.34,0.27
1169,5969,7.6,0.5,0.29
1170,5970,9.2,0.36,0.34
1171,5971,7.1,0.59,0.0
1172,5972,9.7,0.42,0.46
1173,5973,7.6,0.36,0.31
1174,5974,7.6,0.36,0.31
1175,5975,6.5,0.61,0.0
1176,5976,6.5,0.88,0.03
1177,5977,7.1,0.66,0.0
1178,5978,5.6,0.915,0.0
1179,5979,8.2,0.35,0.33
1180,5980,8.2,0.35,0.33
1181,5981,9.8,0.39,0.43
1182,5982,10.2,0.4,0.4
1183,5983,6.8,0.66,0.07
1184,5984,6.7,0.64,0.23
1185,5985,7.0,0.43,0.3
1186,5986,6.6,0.8,0.03
1187,5987,7.0,0.43,0.3
1188,5988,6.7,0.64,0.23
1189,5989,8.8,0.955,0.05
1190,5990,9.1,0.4,0.57
1191,5991,6.5,0.885,0.0
1192,5992,7.2,0.25,0.37
1193,5993,6.4,0.885,0.0
1194,5994,7.0,0.745,0.12
1195,5995,6.2,0.43,0.22
1196,5996,7.9,0.58,0.23
1197,5997,7.7,0.57,0.21
1198,5998,7.7,0.26,0.26
1199,5999,7.9,0.58,0.23
1200,6000,7.7,0.57,0.21
1201,6001,7.9,0.34,0.36
1202,6002,8.6,0.42,0.39
1203,6003,9.9,0.74,0.19
1204,6004,7.2,0.36,0.46
1205,6005,7.2,0.36,0.46
1206,6006,7.2,0.36,0.46
1207,6007,9.9,0.72,0.55
1208,6008,7.2,0.36,0.46
1209,6009,6.2,0.39,0.43
1210,6010,6.8,0.65,0.02
1211,6011,6.6,0.44,0.15
1212,6012,6.8,0.65,0.02
1213,6013,9.6,0.38,0.42
1214,6014,10.2,0.33,0.46
1215,6015,8.8,0.27,0.46
1216,6016,7.9,0.57,0.31
1217,6017,8.2,0.34,0.37
1218,6018,8.2,0.4,0.31
1219,6019,9.0,0.39,0.4
1220,6020,10.9,0.32,0.52
1221,6021,10.9,0.32,0.52
1222,6022,8.1,0.53,0.22
1223,6023,10.5,0.36,0.47
1224,6024,12.6,0.39,0.49
1225,6025,9.2,0.46,0.23
1226,6026,7.5,0.58,0.03
1227,6027,9.0,0.58,0.25
1228,6028,5.1,0.42,0.0
1229,6029,7.6,0.43,0.29
1230,6030,7.7,0.18,0.34
1231,6031,7.8,0.815,0.01
1232,6032,7.6,0.43,0.29
1233,6033,10.2,0.23,0.37
1234,6034,7.1,0.75,0.01
1235,6035,6.0,0.33,0.32
1236,6036,7.8,0.55,0.0
1237,6037,7.1,0.75,0.01
1238,6038,8.1,0.73,0.0
1239,6039,6.5,0.67,0.0
1240,6040,7.5,0.61,0.2
1241,6041,9.8,0.37,0.39
1242,6042,9.0,0.4,0.41
1243,6043,8.3,0.56,0.22
1244,6044,5.9,0.29,0.25
1245,6045,7.4,0.55,0.19
1246,6046,7.4,0.74,0.07
1247,6047,7.4,0.55,0.19
1248,6048,6.9,0.41,0.33
1249,6049,7.1,0.6,0.01
1250,6050,7.1,0.6,0.01
1251,6051,7.5,0.58,0.14
1252,6052,7.1,0.72,0.0
1253,6053,7.9,0.66,0.0
1254,6054,7.8,0.7,0.06
1255,6055,6.1,0.64,0.02
1256,6056,7.5,0.59,0.22
1257,6057,7.0,0.58,0.28
1258,6058,6.8,0.64,0.0
1259,6059,6.8,0.64,0.0
1260,6060,8.6,0.635,0.68
1261,6061,6.3,1.02,0.0
1262,6062,9.8,0.45,0.38
1263,6063,8.2,0.78,0.0
1264,6064,8.5,0.37,0.32
1265,6065,7.2,0.57,0.05
1266,6066,7.2,0.57,0.05
1267,6067,10.4,0.43,0.5
1268,6068,6.9,0.41,0.31
1269,6069,5.5,0.49,0.03
1270,6070,5.0,0.38,0.01
1271,6071,7.3,0.44,0.2
1272,6072,5.9,0.46,0.0
1273,6073,7.5,0.58,0.2
1274,6074,7.8,0.58,0.13
1275,6075,8.0,0.715,0.22
1276,6076,8.5,0.4,0.4
1277,6077,7.0,0.69,0.0
1278,6078,8.0,0.715,0.22
1279,6079,9.8,0.3,0.39
1280,6080,7.1,0.46,0.2
1281,6081,7.1,0.46,0.2
1282,6082,7.9,0.765,0.0
1283,6083,8.7,0.63,0.28
1284,6084,7.0,0.42,0.19
1285,6085,11.3,0.37,0.5
1286,6086,7.1,0.16,0.44
1287,6087,8.0,0.6,0.08
1288,6088,7.0,0.6,0.3
1289,6089,7.0,0.6,0.3
1290,6090,7.6,0.74,0.0
1291,6091,8.2,0.635,0.1
1292,6092,5.9,0.395,0.13
1293,6093,7.5,0.755,0.0
1294,6094,8.2,0.635,0.1
1295,6095,6.6,0.63,0.0
1296,6096,6.6,0.63,0.0
1297,6097,7.2,0.53,0.14
1298,6098,5.7,0.6,0.0
1299,6099,7.6,1.58,0.0
1300,6100,5.2,0.645,0.0
1301,6101,6.7,0.86,0.07
1302,6102,9.1,0.37,0.32
1303,6103,8.0,0.28,0.44
1304,6104,7.6,0.79,0.21
1305,6105,7.5,0.61,0.26
1306,6106,9.7,0.69,0.32
1307,6107,6.8,0.68,0.09
1308,6108,9.7,0.69,0.32
1309,6109,7.0,0.62,0.1
1310,6110,7.5,0.61,0.26
1311,6111,6.5,0.51,0.15
1312,6112,8.0,1.18,0.21
1313,6113,7.0,0.36,0.21
1314,6114,7.0,0.36,0.21
1315,6115,7.5,0.63,0.27
1316,6116,5.4,0.74,0.0
1317,6117,9.9,0.44,0.46
1318,6118,7.5,0.63,0.27
1319,6119,9.1,0.76,0.68
1320,6120,9.7,0.66,0.34
1321,6121,5.0,0.74,0.0
1322,6122,9.1,0.34,0.42
1323,6123,9.1,0.36,0.39
1324,6124,6.7,0.46,0.24
1325,6125,6.7,0.46,0.24
1326,6126,6.7,0.46,0.24
1327,6127,6.7,0.46,0.24
1328,6128,6.5,0.52,0.11
1329,6129,7.4,0.6,0.26
1330,6130,7.4,0.6,0.26
1331,6131,7.8,0.87,0.26
1332,6132,8.4,0.39,0.1
1333,6133,9.1,0.775,0.22
1334,6134,7.2,0.835,0.0
1335,6135,6.6,0.58,0.02
1336,6136,6.0,0.5,0.0
1337,6137,6.0,0.5,0.0
1338,6138,6.0,0.5,0.0
1339,6139,7.5,0.51,0.02
1340,6140,7.5,0.51,0.02
1341,6141,7.5,0.51,0.02
1342,6142,7.6,0.54,0.02
1343,6143,7.5,0.51,0.02
1344,6144,11.5,0.42,0.48
1345,6145,8.2,0.44,0.24
1346,6146,6.1,0.59,0.01
1347,6147,7.2,0.655,0.03
1348,6148,7.2,0.655,0.03
1349,6149,6.9,0.57,0.0
1350,6150,9.0,0.6,0.29
1351,6151,7.2,0.62,0.01
1352,6152,7.6,0.645,0.03
1353,6153,7.6,0.645,0.03
1354,6154,7.2,0.58,0.03
1355,6155,6.1,0.32,0.25
1356,6156,6.1,0.34,0.25
1357,6157,7.3,0.43,0.24
1358,6158,7.4,0.64,0.17
1359,6159,11.6,0.475,0.4
1360,6160,9.2,0.54,0.31
1361,6161,8.3,0.85,0.14
1362,6162,11.6,0.475,0.4
1363,6163,8.0,0.83,0.27
1364,6164,7.2,0.605,0.02
1365,6165,7.8,0.5,0.09
1366,6166,7.3,0.74,0.08
1367,6167,6.9,0.54,0.3
1368,6168,8.0,0.77,0.32
1369,6169,6.6,0.61,0.0
1370,6170,8.7,0.78,0.51
1371,6171,7.5,0.58,0.56
1372,6172,8.7,0.78,0.51
1373,6173,7.7,0.75,0.27
1374,6174,6.8,0.815,0.0
1375,6175,7.2,0.56,0.26
1376,6176,8.2,0.885,0.2
1377,6177,5.2,0.49,0.26
1378,6178,7.2,0.45,0.15
1379,6179,7.5,0.57,0.02
1380,6180,7.5,0.57,0.02
1381,6181,6.8,0.83,0.09
1382,6182,8.0,0.6,0.22
1383,6183,8.0,0.6,0.22
1384,6184,7.1,0.755,0.15
1385,6185,8.0,0.81,0.25
1386,6186,7.4,0.64,0.07
1387,6187,7.4,0.64,0.07
1388,6188,6.6,0.64,0.31
1389,6189,6.7,0.48,0.02
1390,6190,6.0,0.49,0.0
1391,6191,8.0,0.64,0.22
1392,6192,7.1,0.62,0.06
1393,6193,8.0,0.52,0.25
1394,6194,6.4,0.57,0.14
1395,6195,8.6,0.685,0.1
1396,6196,8.7,0.675,0.1
1397,6197,7.3,0.59,0.26
1398,6198,7.0,0.6,0.12
1399,6199,7.2,0.67,0.0
1400,6200,7.9,0.69,0.21
1401,6201,7.9,0.69,0.21
1402,6202,7.6,0.3,0.42
1403,6203,7.2,0.33,0.33
1404,6204,8.0,0.5,0.39
1405,6205,7.7,0.28,0.3
1406,6206,8.2,0.24,0.34
1407,6207,6.0,0.51,0.0
1408,6208,8.1,0.29,0.36
1409,6209,6.0,0.51,0.0
1410,6210,6.6,0.96,0.0
1411,6211,6.4,0.47,0.4
1412,6212,8.2,0.24,0.34
1413,6213,9.9,0.57,0.25
1414,6214,10.0,0.32,0.59
1415,6215,6.2,0.58,0.0
1416,6216,10.0,0.32,0.59
1417,6217,7.3,0.34,0.33
1418,6218,7.8,0.53,0.01
1419,6219,7.7,0.64,0.21
1420,6220,7.8,0.53,0.01
1421,6221,7.5,0.4,0.18
1422,6222,7.0,0.54,0.0
1423,6223,6.4,0.53,0.09
1424,6224,8.3,0.26,0.37
1425,6225,8.3,0.26,0.37
1426,6226,7.7,0.23,0.37
1427,6227,7.6,0.41,0.33
1428,6228,7.8,0.64,0.0
1429,6229,7.9,0.18,0.4
1430,6230,7.4,0.41,0.24
1431,6231,7.6,0.43,0.31
1432,6232,5.9,0.44,0.0
1433,6233,6.1,0.4,0.16
1434,6234,10.2,0.54,0.37
1435,6235,10.2,0.54,0.37
1436,6236,10.0,0.38,0.38
1437,6237,6.8,0.915,0.29
1438,6238,7.0,0.59,0.0
1439,6239,7.3,0.67,0.02
1440,6240,7.2,0.37,0.32
1441,6241,7.4,0.785,0.19
1442,6242,6.9,0.63,0.02
1443,6243,6.9,0.58,0.2
1444,6244,7.3,0.67,0.02
1445,6245,7.4,0.785,0.19
1446,6246,6.9,0.63,0.02
1447,6247,6.8,0.67,0.0
1448,6248,6.9,0.58,0.01
1449,6249,7.2,0.38,0.31
1450,6250,7.2,0.37,0.32
1451,6251,7.8,0.32,0.44
1452,6252,6.6,0.58,0.02
1453,6253,7.6,0.49,0.33
1454,6254,11.7,0.45,0.63
1455,6255,6.5,0.9,0.0
1456,6256,6.0,0.54,0.06
1457,6257,7.6,0.49,0.33
1458,6258,8.4,0.29,0.4
1459,6259,7.9,0.2,0.35
1460,6260,6.4,0.42,0.09
1461,6261,6.2,0.785,0.0
1462,6262,6.8,0.64,0.03
1463,6263,6.9,0.63,0.01
1464,6264,6.8,0.59,0.1
1465,6265,6.8,0.59,0.1
1466,6266,7.3,0.48,0.32
1467,6267,6.7,1.04,0.08
1468,6268,7.3,0.48,0.32
1469,6269,7.3,0.98,0.05
1470,6270,10.0,0.69,0.11
1471,6271,6.7,0.7,0.08
1472,6272,7.6,0.35,0.6
1473,6273,6.1,0.6,0.08
1474,6274,9.9,0.5,0.5
1475,6275,5.3,0.47,0.11
1476,6276,9.9,0.5,0.5
1477,6277,5.3,0.47,0.11
1478,6278,7.1,0.875,0.05
1479,6279,8.2,0.28,0.6
1480,6280,5.6,0.62,0.03
1481,6281,8.2,0.28,0.6
1482,6282,7.2,0.58,0.54
1483,6283,8.1,0.33,0.44
1484,6284,6.8,0.91,0.06
1485,6285,7.0,0.655,0.16
1486,6286,6.8,0.68,0.21
1487,6287,6.0,0.64,0.05
1488,6288,5.6,0.54,0.04
1489,6289,6.2,0.57,0.1
1490,6290,7.1,0.22,0.49
1491,6291,5.6,0.54,0.04
1492,6292,6.2,0.65,0.06
1493,6293,7.7,0.54,0.26
1494,6294,6.4,0.31,0.09
1495,6295,7.0,0.43,0.02
1496,6296,7.7,0.54,0.26
1497,6297,6.9,0.74,0.03
1498,6298,6.6,0.895,0.04
1499,6299,6.9,0.74,0.03
1500,6300,7.5,0.725,0.04
1501,6301,7.8,0.82,0.29
1502,6302,7.3,0.585,0.18
1503,6303,6.2,0.44,0.39
1504,6304,7.5,0.38,0.57
1505,6305,6.7,0.76,0.02
1506,6306,6.8,0.81,0.05
1507,6307,7.5,0.38,0.57
1508,6308,7.1,0.27,0.6
1509,6309,7.9,0.18,0.4
1510,6310,6.4,0.36,0.21
1511,6311,7.1,0.69,0.04
1512,6312,6.4,0.79,0.04
1513,6313,6.4,0.56,0.15
1514,6314,6.9,0.84,0.21
1515,6315,6.9,0.84,0.21
1516,6316,6.1,0.32,0.25
1517,6317,6.5,0.53,0.06
1518,6318,7.4,0.47,0.46
1519,6319,6.6,0.7,0.08
1520,6320,6.5,0.53,0.06
1521,6321,6.9,0.48,0.2
1522,6322,6.1,0.32,0.25
1523,6323,6.8,0.48,0.25
1524,6324,6.0,0.42,0.19
1525,6325,6.7,0.48,0.08
1526,6326,6.8,0.47,0.08
1527,6327,7.1,0.53,0.07
1528,6328,7.9,0.29,0.49
1529,6329,7.1,0.69,0.08
1530,6330,6.6,0.44,0.09
1531,6331,6.1,0.705,0.1
1532,6332,7.2,0.53,0.13
1533,6333,8.0,0.39,0.3
1534,6334,6.6,0.56,0.14
1535,6335,7.0,0.55,0.13
1536,6336,6.1,0.53,0.08
1537,6337,5.4,0.58,0.08
1538,6338,6.2,0.64,0.09
1539,6339,7.2,0.39,0.32
1540,6340,6.2,0.52,0.08
1541,6341,7.4,0.25,0.29
1542,6342,6.7,0.855,0.02
1543,6343,11.1,0.44,0.42
1544,6344,8.4,0.37,0.43
1545,6345,6.5,0.63,0.33
1546,6346,7.0,0.57,0.02
1547,6347,6.3,0.6,0.1
1548,6348,11.2,0.4,0.5
1549,6349,7.4,0.36,0.3
1550,6350,7.1,0.68,0.0
1551,6351,7.1,0.67,0.0
1552,6352,6.3,0.68,0.01
1553,6353,7.3,0.735,0.0
1554,6354,6.6,0.855,0.02
1555,6355,7.0,0.56,0.17
1556,6356,6.6,0.88,0.04
1557,6357,6.6,0.855,0.02
1558,6358,6.9,0.63,0.33
1559,6359,7.8,0.6,0.26
1560,6360,7.8,0.6,0.26
1561,6361,7.8,0.6,0.26
1562,6362,7.2,0.695,0.13
1563,6363,7.2,0.695,0.13
1564,6364,7.2,0.695,0.13
1565,6365,6.7,0.67,0.02
1566,6366,6.7,0.16,0.64
1567,6367,7.2,0.695,0.13
1568,6368,7.0,0.56,0.13
1569,6369,6.2,0.51,0.14
1570,6370,6.4,0.36,0.53
1571,6371,6.4,0.38,0.14
1572,6372,7.3,0.69,0.32
1573,6373,6.0,0.58,0.2
1574,6374,5.6,0.31,0.78
1575,6375,7.5,0.52,0.4
1576,6376,8.0,0.3,0.63
1577,6377,6.2,0.7,0.15
1578,6378,6.8,0.67,0.15
1579,6379,6.2,0.56,0.09
1580,6380,7.4,0.35,0.33
1581,6381,6.2,0.56,0.09
1582,6382,6.1,0.715,0.1
1583,6383,6.2,0.46,0.29
1584,6384,6.7,0.32,0.44
1585,6385,7.2,0.39,0.44
1586,6386,7.5,0.31,0.41
1587,6387,5.8,0.61,0.11
1588,6388,7.2,0.66,0.33
1589,6389,6.6,0.725,0.2
1590,6390,6.3,0.55,0.15
1591,6391,5.4,0.74,0.09
1592,6392,6.3,0.51,0.13
1593,6393,6.8,0.62,0.08
1594,6394,6.2,0.6,0.08
1595,6395,5.9,0.55,0.1
1596,6396,6.3,0.51,0.13
1597,6397,5.9,0.645,0.12
1598,6398,6.0,0.31,0.47
