,chemicalid,residual sugar,chlorides,sulphates
0,1600,1.9,0.076,0.56
1,1601,2.6,0.098,0.68
2,1602,2.3,0.092,0.65
3,1603,1.9,0.075,0.58
4,1604,1.9,0.076,0.56
5,1605,1.8,0.075,0.56
6,1606,1.6,0.069,0.46
7,1607,1.2,0.065,0.47
8,1608,2.0,0.073,0.57
9,1609,6.1,0.071,0.8
10,1610,1.8,0.0969999999999999,0.54
11,1611,6.1,0.071,0.8
12,1612,1.6,0.089,0.52
13,1613,1.6,0.114,1.56
14,1614,3.8,0.176,0.88
15,1615,3.9,0.17,0.93
16,1616,1.8,0.092,0.75
17,1617,1.7,0.368,1.28
18,1618,4.4,0.086,0.5
19,1619,1.8,0.341,1.08
20,1620,1.8,0.077,0.53
21,1621,2.3,0.0819999999999999,0.65
22,1622,1.6,0.106,0.91
23,1623,2.3,0.084,0.53
24,1624,2.4,0.085,0.63
25,1625,1.4,0.08,0.56
26,1626,1.8,0.08,0.59
27,1627,1.6,0.106,0.91
28,1628,1.9,0.08,0.55
29,1629,2.0,0.0819999999999999,0.59
30,1630,2.4,0.089,0.54
31,1631,2.5,0.105,0.57
32,1632,2.3,0.083,0.66
33,1633,10.7,0.073,0.52
34,1634,1.8,0.103,0.55
35,1635,5.5,0.086,0.55
36,1636,2.4,0.086,0.6
37,1637,2.1,0.066,0.73
38,1638,1.5,0.172,0.48
39,1639,5.9,0.074,0.83
40,1640,5.9,0.074,0.83
41,1641,2.8,0.088,0.51
42,1642,2.6,0.332,0.9
43,1643,2.2,0.069,1.2
44,1644,1.8,0.05,0.52
45,1645,2.1,0.054,0.56
46,1646,2.2,0.114,0.73
47,1647,1.6,0.113,0.58
48,1648,1.6,0.066,0.56
49,1649,1.4,0.074,0.58
50,1650,1.7,0.074,0.74
51,1651,2.2,0.069,0.63
52,1652,2.1,0.068,0.64
53,1653,3.0,0.081,0.56
54,1654,2.8,0.11,0.63
55,1655,3.8,0.084,0.53
56,1656,3.4,0.07,0.63
57,1657,5.1,0.111,0.77
58,1658,2.3,0.076,0.59
59,1659,2.4,0.074,0.54
60,1660,2.2,0.079,0.64
61,1661,1.8,0.115,0.71
62,1662,1.9,0.085,0.62
63,1663,2.0,0.081,0.57
64,1664,4.65,0.086,0.39
65,1665,4.65,0.086,0.39
66,1666,1.5,0.079,0.58
67,1667,1.6,0.076,0.58
68,1668,2.0,0.074,0.79
69,1669,1.9,0.074,0.95
70,1670,1.9,0.076,0.54
71,1671,2.1,0.088,0.48
72,1672,1.9,0.084,0.48
73,1673,2.1,0.084,0.53
74,1674,2.5,0.094,0.82
75,1675,2.2,0.093,0.66
76,1676,2.2,0.093,0.66
77,1677,2.4,0.104,0.55
78,1678,2.0,0.086,0.52
79,1679,1.5,0.08,1.12
80,1680,1.6,0.069,0.56
81,1681,1.9,0.4639999999999999,1.28
82,1682,2.0,0.086,0.57
83,1683,1.8,0.401,1.14
84,1684,1.8,0.069,0.78
85,1685,2.2,0.076,0.59
86,1686,1.9,0.11,1.95
87,1687,1.9,0.062,0.64
88,1688,2.1,0.107,1.22
89,1689,1.8,0.076,0.53
90,1690,1.9,0.079,0.54
91,1691,1.9,0.11,1.95
92,1692,2.0,0.11,1.98
93,1693,1.9,0.062,0.64
94,1694,1.4,0.045,0.48
95,1695,2.3,0.0579999999999999,0.6
96,1696,3.0,0.102,0.56
97,1697,2.0,0.07,0.63
98,1698,2.5,0.079,0.56
99,1699,1.9,0.08,0.59
100,1700,2.1,0.084,0.61
101,1701,1.9,0.075,0.56
102,1702,1.9,0.08,0.59
103,1703,2.1,0.077,0.51
104,1704,2.2,0.07,0.48
105,1705,2.1,0.077,0.51
106,1706,1.7,0.467,1.31
107,1707,1.7,0.088,0.79
108,1708,2.5,0.091,0.8
109,1709,2.0,0.122,0.69
110,1710,1.8,0.104,0.93
111,1711,2.2,0.084,0.66
112,1712,2.2,0.085,0.66
113,1713,2.3,0.08,0.67
114,1714,1.8,0.104,0.93
115,1715,2.2,0.09,0.63
116,1716,1.9,0.077,0.61
117,1717,2.0,0.0819999999999999,0.5
118,1718,2.2,0.119,0.6
119,1719,1.8,0.0969999999999999,0.54
120,1720,1.7,0.178,0.57
121,1721,2.2,0.119,0.6
122,1722,2.5,0.075,0.52
123,1723,2.6,0.08,0.53
124,1724,1.6,0.0819999999999999,0.48
125,1725,1.9,0.146,0.7
126,1726,1.7,0.081,0.49
127,1727,1.8,0.0819999999999999,0.48
128,1728,1.8,0.065,0.92
129,1729,1.8,0.072,0.57
130,1730,2.0,0.118,0.66
131,1731,2.3,0.049,0.63
132,1732,2.3,0.049,0.63
133,1733,1.5,0.06,0.58
134,1734,2.2,0.084,0.55
135,1735,1.9,0.09,0.82
136,1736,1.8,0.089,0.77
137,1737,2.0,0.081,0.64
138,1738,2.1,0.081,0.54
139,1739,2.0,0.081,0.54
140,1740,1.9,0.09,0.82
141,1741,1.8,0.089,0.77
142,1742,1.8,0.05,0.79
143,1743,1.7,0.066,0.58
144,1744,1.8,0.05,0.79
145,1745,1.8,0.1169999999999999,0.62
146,1746,1.8,0.087,0.52
147,1747,1.6,0.236,0.8
148,1748,2.3,0.074,0.58
149,1749,2.8,0.089,0.61
150,1750,2.1,0.077,0.53
151,1751,3.4,0.61,2.0
152,1752,1.8,0.095,0.54
153,1753,1.8,0.095,0.54
154,1754,5.5,0.07,0.72
155,1755,5.5,0.071,0.71
156,1756,5.5,0.07,0.72
157,1757,5.5,0.071,0.71
158,1758,2.2,0.073,0.5
159,1759,1.9,0.079,0.57
160,1760,2.0,0.09,0.56
161,1761,1.3,0.072,1.08
162,1762,1.7,0.076,0.56
163,1763,7.3,0.07,0.49
164,1764,7.2,0.07,0.49
165,1765,1.7,0.1,0.62
166,1766,2.1,0.085,0.52
167,1767,1.6,0.072,0.48
168,1768,2.1,0.089,0.55
169,1769,1.8,0.36,1.59
170,1770,1.8,0.0579999999999999,0.33
171,1771,2.0,0.073,0.61
172,1772,2.0,0.073,0.61
173,1773,1.9,0.068,0.57
174,1774,2.0,0.08,0.47
175,1775,1.5,0.085,0.78
176,1776,2.0,0.08,0.47
177,1777,2.3,0.087,0.61
178,1778,2.5,0.068,0.56
179,1779,2.4,0.067,0.59
180,1780,2.4,0.067,0.59
181,1781,2.0,0.27,1.02
182,1782,2.5,0.076,0.52
183,1783,1.8,0.077,0.58
184,1784,1.9,0.079,0.58
185,1785,2.0,0.111,0.53
186,1786,2.0,0.0819999999999999,0.55
187,1787,2.6,0.084,0.49
188,1788,2.0,0.084,0.55
189,1789,1.9,0.0819999999999999,0.55
190,1790,2.9,0.077,0.62
191,1791,1.9,0.074,0.62
192,1792,3.8,0.099,0.61
193,1793,2.2,0.071,0.55
194,1794,2.2,0.071,0.55
195,1795,2.0,0.074,0.54
196,1796,2.4,0.074,0.59
197,1797,2.0,0.067,0.97
198,1798,1.2,0.046,0.85
199,1799,2.1,0.061,0.43
200,1800,1.4,0.0559999999999999,0.82
201,1801,2.1,0.0969999999999999,1.03
202,1802,1.5,0.075,0.79
203,1803,1.6,0.088,0.55
204,1804,1.6,0.089,0.56
205,1805,2.6,0.095,0.77
206,1806,2.6,0.095,0.77
207,1807,1.8,0.069,0.53
208,1808,2.7,0.1,0.67
209,1809,2.1,0.054,0.88
210,1810,2.0,0.039,0.86
211,1811,2.8,0.083,0.56
212,1812,2.1,0.059,0.67
213,1813,2.2,0.06,0.43
214,1814,2.4,0.092,0.71
215,1815,5.6,0.06,0.76
216,1816,2.0,0.1009999999999999,0.57
217,1817,2.2,0.072,0.55
218,1818,1.9,0.076,0.54
219,1819,2.4,0.08,0.6
220,1820,2.0,0.0819999999999999,0.59
221,1821,2.0,0.1009999999999999,0.57
222,1822,1.5,0.057,0.6
223,1823,2.0,0.083,0.6
224,1824,2.0,0.089,0.57
225,1825,2.6,0.073,0.58
226,1826,2.0,0.337,1.61
227,1827,2.6,0.089,0.63
228,1828,2.6,0.073,0.58
229,1829,2.6,0.081,0.5
230,1830,1.6,0.054,0.62
231,1831,1.8,0.078,0.52
232,1832,2.8,0.09,0.7
233,1833,2.6,0.081,0.5
234,1834,2.3,0.065,0.55
235,1835,1.9,0.0969999999999999,0.58
236,1836,1.9,0.0969999999999999,0.58
237,1837,1.9,0.0969999999999999,0.58
238,1838,1.9,0.0969999999999999,0.58
239,1839,2.3,0.065,0.55
240,1840,1.7,0.263,1.09
241,1841,2.1,0.093,0.71
242,1842,1.8,0.102,0.49
243,1843,2.2,0.075,0.84
244,1844,2.2,0.075,0.84
245,1845,2.0,0.084,0.96
246,1846,1.9,0.075,0.52
247,1847,2.3,0.072,0.45
248,1848,1.7,0.074,0.48
249,1849,2.0,0.084,0.96
250,1850,1.6,0.063,0.78
251,1851,1.8,0.074,0.7
252,1852,3.1,0.09,0.53
253,1853,1.9,0.092,0.59
254,1854,1.8,0.074,0.7
255,1855,3.2,0.073,0.57
256,1856,2.2,0.075,0.62
257,1857,2.1,0.075,0.67
258,1858,1.8,0.611,1.26
259,1859,2.6,0.085,0.8
260,1860,1.7,0.077,0.65
261,1861,2.0,0.087,0.6
262,1862,1.7,0.07,0.57
263,1863,1.8,0.077,0.67
264,1864,2.4,0.064,0.87
265,1865,1.8,0.071,0.72
266,1866,3.3,0.096,0.72
267,1867,3.6,0.078,0.86
268,1868,3.0,0.077,0.91
269,1869,4.0,0.104,0.97
270,1870,4.0,0.087,0.67
271,1871,4.0,0.104,0.97
272,1872,4.0,0.071,0.78
273,1873,2.4,0.076,0.64
274,1874,7.0,0.088,0.77
275,1875,4.0,0.087,0.67
276,1876,3.0,0.077,0.91
277,1877,4.0,0.104,0.97
278,1878,6.4,0.073,0.82
279,1879,5.6,0.087,0.77
280,1880,3.6,0.071,0.82
281,1881,3.5,0.358,1.08
282,1882,3.0,0.067,0.57
283,1883,5.6,0.087,0.77
284,1884,3.4,0.102,0.71
285,1885,3.4,0.102,0.71
286,1886,2.0,0.073,0.76
287,1887,3.0,0.092,0.7
288,1888,2.5,0.091,0.86
289,1889,3.3,0.105,0.95
290,1890,2.5,0.091,0.86
291,1891,2.0,0.3429999999999999,0.71
292,1892,2.7,0.091,0.64
293,1893,2.4,0.098,0.6
294,1894,3.2,0.094,0.81
295,1895,2.5,0.073,0.64
296,1896,2.6,0.086,0.52
297,1897,2.0,0.083,0.73
298,1898,2.3,0.094,0.8
299,1899,2.1,0.08,0.71
300,1900,2.6,0.086,0.59
301,1901,1.5,0.068,0.64
302,1902,2.6,0.092,0.72
303,1903,1.6,0.186,0.54
304,1904,2.1,0.1119999999999999,0.52
305,1905,2.5,0.063,0.59
306,1906,2.2,0.0819999999999999,0.52
307,1907,2.4,0.213,0.62
308,1908,2.4,0.214,0.63
309,1909,1.7,0.062,0.53
310,1910,2.5,0.063,0.59
311,1911,2.0,0.072,0.54
312,1912,2.8,0.093,0.63
313,1913,3.0,0.076,0.53
314,1914,2.6,0.087,0.68
315,1915,2.5,0.096,0.65
316,1916,3.4,0.102,0.65
317,1917,2.9,0.0819999999999999,0.64
318,1918,3.2,0.083,0.71
319,1919,2.9,0.0819999999999999,0.64
320,1920,3.2,0.083,0.71
321,1921,3.4,0.09,0.62
322,1922,2.3,0.079,0.63
323,1923,2.8,0.09,0.7
324,1924,11.0,0.071,0.69
325,1925,11.0,0.071,0.69
326,1926,3.65,0.121,0.74
327,1927,4.5,0.107,0.83
328,1928,2.6,0.0819999999999999,0.67
329,1929,2.0,0.061,0.62
330,1930,2.9,0.122,0.66
331,1931,2.9,0.122,0.66
332,1932,3.2,0.066,0.54
333,1933,2.1,0.105,0.52
334,1934,2.5,0.078,0.74
335,1935,3.4,0.128,0.84
336,1936,1.9,0.052,0.7
337,1937,2.8,0.08,0.64
338,1938,3.0,0.103,1.0
339,1939,2.3,0.0819999999999999,1.36
340,1940,2.4,0.066,1.18
341,1941,2.7,0.065,0.87
342,1942,1.8,0.118,0.75
343,1943,1.8,0.118,0.75
344,1944,2.6,0.0819999999999999,0.78
345,1945,1.9,0.067,0.81
346,1946,2.7,0.072,0.89
347,1947,3.0,0.093,0.93
348,1948,2.8,0.089,0.92
349,1949,2.6,0.093,0.86
350,1950,2.7,0.107,0.98
351,1951,2.6,0.096,0.83
352,1952,2.4,0.09,0.73
353,1953,4.8,0.12,0.77
354,1954,1.4,0.066,0.59
355,1955,2.4,0.078,0.61
356,1956,3.0,0.08,0.88
357,1957,2.95,0.1159999999999999,0.75
358,1958,3.1,0.109,0.85
359,1959,2.6,0.088,0.68
360,1960,2.0,0.099,0.7
361,1961,2.6,0.086,0.91
362,1962,2.5,0.072,0.56
363,1963,2.0,0.071,0.87
364,1964,5.8,0.083,0.73
365,1965,3.4,0.107,0.93
366,1966,5.8,0.083,0.73
367,1967,2.6,0.076,0.69
368,1968,2.8,0.159,0.64
369,1969,2.4,0.074,1.13
370,1970,2.3,0.063,0.78
371,1971,1.6,0.0559999999999999,0.87
372,1972,1.8,0.067,1.04
373,1973,2.2,0.106,0.63
374,1974,3.8,0.089,0.81
375,1975,4.4,0.124,0.83
376,1976,3.0,0.078,1.11
377,1977,2.4,0.074,1.13
378,1978,6.2,0.088,0.99
379,1979,2.5,0.094,0.7
380,1980,2.0,0.08,0.8
381,1981,2.9,0.085,0.8
382,1982,2.0,0.08,0.8
383,1983,2.0,0.08,0.8
384,1984,2.1,0.087,0.74
385,1985,2.4,0.09,0.76
386,1986,2.0,0.088,0.74
387,1987,1.9,0.079,0.54
388,1988,1.9,0.088,0.74
389,1989,2.5,0.096,0.7
390,1990,1.4,0.045,0.82
391,1991,2.9,0.085,0.8
392,1992,2.0,0.0819999999999999,0.51
393,1993,2.0,0.1119999999999999,0.54
394,1994,2.3,0.063,0.57
395,1995,4.2,0.066,0.6
396,1996,7.9,0.122,0.53
397,1997,2.6,0.087,0.65
398,1998,2.6,0.087,0.65
399,1999,2.3,0.064,0.55
400,2000,7.9,0.122,0.53
401,2001,1.7,0.059,0.47
402,2002,2.6,0.085,0.61
403,2003,2.7,0.085,0.63
404,2004,2.7,0.075,0.61
405,2005,1.4,0.059,0.76
406,2006,2.5,0.063,0.65
407,2007,3.0,0.093,0.63
408,2008,3.7,0.174,0.7
409,2009,4.5,0.07,0.57
410,2010,2.5,0.08,0.62
411,2011,2.4,0.08,0.62
412,2012,1.9,0.1,0.64
413,2013,6.7,0.0969999999999999,0.82
414,2014,2.7,0.087,0.61
415,2015,6.6,0.1169999999999999,1.07
416,2016,2.2,0.111,0.66
417,2017,1.9,0.091,0.48
418,2018,2.0,0.121,0.76
419,2019,1.8,0.066,0.68
420,2020,2.4,0.089,0.73
421,2021,2.3,0.059,0.56
422,2022,2.0,0.047,0.44
423,2023,2.1,0.066,0.9
424,2024,2.0,0.047,0.44
425,2025,2.3,0.059,0.56
426,2026,2.1,0.045,0.49
427,2027,1.9,0.077,0.56
428,2028,1.3,0.07,0.6
429,2029,2.4,0.088,0.6
430,2030,2.1,0.066,0.9
431,2031,2.2,0.074,0.56
432,2032,2.3,0.078,0.65
433,2033,2.3,0.091,0.49
434,2034,3.2,0.076,0.89
435,2035,2.3,0.091,0.49
436,2036,2.0,0.06,0.56
437,2037,3.2,0.066,0.66
438,2038,3.2,0.076,0.89
439,2039,1.5,0.062,0.6
440,2040,2.2,0.072,0.82
441,2041,2.15,0.068,0.68
442,2042,3.7,0.1,0.68
443,2043,2.7,0.077,0.63
444,2044,1.7,0.054,0.84
445,2045,2.1,0.079,0.56
446,2046,2.6,0.081,0.73
447,2047,2.1,0.127,0.72
448,2048,2.0,0.1,0.56
449,2049,2.8,0.095,0.61
450,2050,2.8,0.095,0.61
451,2051,1.8,0.413,1.06
452,2052,1.7,0.084,0.63
453,2053,2.8,0.084,0.74
454,2054,1.6,0.063,0.63
455,2055,5.2,0.086,0.69
456,2056,2.3,0.095,0.58
457,2057,2.7,0.0969999999999999,0.58
458,2058,2.8,0.084,0.74
459,2059,2.2,0.074,0.57
460,2060,2.3,0.083,0.61
461,2061,2.6,0.087,0.61
462,2062,2.55,0.085,0.61
463,2063,2.2,0.098,0.53
464,2064,2.1,0.084,0.7
465,2065,2.9,0.098,0.91
466,2066,2.0,0.069,0.72
467,2067,2.6,0.065,0.79
468,2068,2.1,0.09,0.62
469,2069,1.2,0.07,0.58
470,2070,2.6,0.093,0.61
471,2071,2.4,0.081,0.71
472,2072,2.6,0.083,0.82
473,2073,2.1,0.062,0.79
474,2074,1.7,0.08,0.89
475,2075,2.2,0.087,0.6
476,2076,2.0,0.091,0.7
477,2077,1.8,0.075,1.06
478,2078,2.2,0.087,0.6
479,2079,2.7,0.077,0.7
480,2080,15.5,0.069,0.66
481,2081,2.8,0.08,0.92
482,2082,2.2,0.152,1.05
483,2083,2.2,0.152,1.06
484,2084,4.1,0.114,0.66
485,2085,1.9,0.054,0.47
486,2086,1.9,0.054,0.47
487,2087,1.8,0.053,0.42
488,2088,2.8,0.081,0.92
489,2089,2.6,0.073,0.75
490,2090,2.8,0.078,0.67
491,2091,2.5,0.055,0.79
492,2092,2.6,0.052,0.9
493,2093,3.0,0.086,0.74
494,2094,8.3,0.051,0.55
495,2095,2.6,0.07,0.65
496,2096,1.9,0.081,0.65
497,2097,2.5,0.09,0.79
498,2098,2.6,0.07,0.65
499,2099,3.0,0.086,0.74
500,2100,1.9,0.081,0.65
501,2101,6.55,0.074,0.85
502,2102,6.55,0.074,0.85
503,2103,1.9,0.078,1.04
504,2104,1.8,0.077,1.05
505,2105,2.9,0.072,0.78
506,2106,1.8,0.075,1.02
507,2107,2.3,0.084,0.71
508,2108,2.2,0.09,0.63
509,2109,2.8,0.084,0.68
510,2110,4.6,0.073,0.61
511,2111,2.2,0.09,0.63
512,2112,2.1,0.125,0.81
513,2113,2.4,0.107,0.66
514,2114,2.4,0.107,0.66
515,2115,6.1,0.122,1.14
516,2116,4.3,0.1,0.74
517,2117,2.1,0.2,0.63
518,2118,2.8,0.088,0.68
519,2119,2.5,0.088,0.78
520,2120,2.7,0.088,0.9
521,2121,2.0,0.088,0.64
522,2122,2.3,0.099,0.99
523,2123,2.5,0.085,0.55
524,2124,2.4,0.086,0.64
525,2125,2.8,0.105,0.67
526,2126,2.5,0.088,0.78
527,2127,2.5,0.0969999999999999,0.77
528,2128,2.6,0.084,0.75
529,2129,2.4,0.077,0.57
530,2130,2.1,0.078,0.87
531,2131,2.7,0.098,0.61
532,2132,2.7,0.098,0.61
533,2133,2.1,0.072,0.66
534,2134,2.7,0.102,0.56
535,2135,2.1,0.078,0.87
536,2136,2.4,0.077,0.57
537,2137,2.1,0.084,0.77
538,2138,5.8,0.066,0.66
539,2139,5.15,0.1,0.62
540,2140,3.3,0.1009999999999999,0.67
541,2141,6.3,0.064,0.73
542,2142,2.1,0.07,0.59
543,2143,2.5,0.085,0.72
544,2144,1.8,0.075,0.79
545,2145,2.6,0.094,0.59
546,2146,2.0,0.078,0.78
547,2147,2.5,0.067,0.86
548,2148,2.6,0.079,0.75
549,2149,1.9,0.171,0.61
550,2150,2.1,0.074,0.56
551,2151,2.8,0.092,0.73
552,2152,2.7,0.092,0.74
553,2153,1.6,0.05,0.62
554,2154,4.2,0.095,0.74
555,2155,4.2,0.095,0.74
556,2156,4.6,0.118,0.56
557,2157,4.2,0.095,0.74
558,2158,4.6,0.118,0.56
559,2159,4.3,0.085,0.68
560,2160,2.8,0.075,0.57
561,2161,2.4,0.078,0.58
562,2162,2.9,0.094,0.61
563,2163,2.7,0.092,0.61
564,2164,4.3,0.085,0.68
565,2165,2.8,0.075,0.57
566,2166,2.5,0.226,0.6
567,2167,2.5,0.226,0.6
568,2168,2.6,0.25,0.79
569,2169,2.2,0.095,0.57
570,2170,3.3,0.07,0.91
571,2171,2.2,0.095,0.57
572,2172,2.4,0.075,0.61
573,2173,2.1,0.07,0.56
574,2174,3.2,0.078,0.7
575,2175,3.1,0.079,0.8
576,2176,2.3,0.103,0.52
577,2177,2.8,0.083,0.6
578,2178,2.9,0.085,0.6
579,2179,2.2,0.063,0.51
580,2180,2.2,0.089,0.44
581,2181,2.2,0.089,0.44
582,2182,2.2,0.083,0.43
583,2183,1.9,0.074,0.66
584,2184,3.4,0.093,0.76
585,2185,2.4,0.091,0.66
586,2186,2.7,0.094,1.02
587,2187,1.9,0.108,0.59
588,2188,2.0,0.06,0.74
589,2189,2.6,0.059,0.74
590,2190,2.6,0.084,0.57
591,2191,1.7,0.07,0.5
592,2192,2.6,0.084,0.57
593,2193,3.5,0.094,0.58
594,2194,2.6,0.096,0.53
595,2195,7.9,0.086,0.57
596,2196,2.0,0.059,0.6
597,2197,1.9,0.071,0.63
598,2198,2.1,0.078,0.48
599,2199,2.3,0.0819999999999999,0.7
600,2200,2.1,0.088,0.47
601,2201,2.2,0.071,0.56
602,2202,2.6,0.081,0.52
603,2203,2.2,0.071,0.56
604,2204,2.9,0.096,0.62
605,2205,2.6,0.085,0.59
606,2206,4.6,0.072,0.79
607,2207,3.3,0.092,0.53
608,2208,5.1,0.11,0.64
609,2209,3.2,0.075,0.52
610,2210,2.5,0.083,0.54
611,2211,2.7,0.081,0.54
612,2212,2.4,0.077,0.6
613,2213,1.5,0.0579999999999999,0.74
614,2214,2.2,0.148,1.36
615,2215,2.3,0.079,0.57
616,2216,2.3,0.079,0.57
617,2217,2.2,0.079,0.93
618,2218,2.7,0.122,0.7
619,2219,2.3,0.088,0.8
620,2220,3.4,0.076,0.61
621,2221,3.4,0.078,0.62
622,2222,1.9,0.08,0.55
623,2223,2.9,0.077,0.96
624,2224,5.6,0.124,0.72
625,2225,5.6,0.124,0.72
626,2226,2.2,0.098,0.49
627,2227,2.2,0.098,0.49
628,2228,2.5,0.0969999999999999,0.6
629,2229,2.3,0.111,0.61
630,2230,2.5,0.0969999999999999,0.6
631,2231,2.7,0.105,0.63
632,2232,3.0,0.087,0.57
633,2233,3.4,0.105,0.64
634,2234,1.9,0.073,0.58
635,2235,1.4,0.065,0.55
636,2236,2.4,0.086,0.53
637,2237,2.3,0.084,0.53
638,2238,2.2,0.143,0.65
639,2239,1.9,0.067,1.36
640,2240,2.3,0.071,0.62
641,2241,2.3,0.071,0.63
642,2242,2.3,0.071,0.62
643,2243,2.3,0.071,0.63
644,2244,2.3,0.071,0.62
645,2245,6.0,0.115,0.69
646,2246,3.6,0.107,0.63
647,2247,2.2,0.07,0.58
648,2248,2.8,0.066,0.67
649,2249,8.6,0.068,0.57
650,2250,2.2,0.106,0.5
651,2251,2.5,0.104,0.67
652,2252,7.5,0.096,0.84
653,2253,2.8,0.079,0.54
654,2254,2.4,0.074,0.46
655,2255,2.9,0.087,0.61
656,2256,2.2,0.106,0.5
657,2257,1.4,0.073,0.68
658,2258,1.4,0.074,0.81
659,2259,4.4,0.096,0.57
660,2260,1.4,0.074,0.81
661,2261,1.6,0.08,0.64
662,2262,1.6,0.076,0.7
663,2263,1.8,0.05,0.79
664,2264,2.0,0.092,0.66
665,2265,2.0,0.084,0.56
666,2266,1.8,0.222,0.6
667,2267,2.0,0.0819999999999999,0.66
668,2268,2.3,0.059,0.57
669,2269,2.0,0.0819999999999999,0.66
670,2270,2.5,0.083,0.58
671,2271,1.7,0.074,0.52
672,2272,2.0,0.079,0.53
673,2273,1.7,0.074,0.52
674,2274,2.2,0.084,0.67
675,2275,2.2,0.064,0.65
676,2276,2.2,0.084,0.67
677,2277,2.3,0.084,0.48
678,2278,2.6,0.081,0.53
679,2279,3.3,0.06,0.54
680,2280,1.9,0.07,0.49
681,2281,2.2,0.094,0.49
682,2282,2.25,0.078,0.54
683,2283,2.6,0.059,0.56
684,2284,2.3,0.078,0.48
685,2285,2.6,0.059,0.56
686,2286,1.8,0.07,0.6
687,2287,3.1,0.095,0.59
688,2288,1.6,0.039,0.47
689,2289,1.8,0.157,1.05
690,2290,4.25,0.0969999999999999,0.54
691,2291,2.6,0.087,0.54
692,2292,2.0,0.422,1.17
693,2293,2.8,0.084,0.62
694,2294,2.7,0.084,0.61
695,2295,1.3,0.034,0.62
696,2296,2.1,0.066,0.67
697,2297,2.1,0.066,0.67
698,2298,3.2,0.087,0.53
699,2299,2.1,0.071,0.62
700,2300,2.9,0.076,0.57
701,2301,2.1,0.066,0.67
702,2302,2.1,0.067,0.67
703,2303,2.6,0.073,0.7
704,2304,1.6,0.078,0.54
705,2305,6.0,0.073,0.49
706,2306,2.0,0.093,0.47
707,2307,3.0,0.077,0.51
708,2308,2.5,0.068,0.61
709,2309,1.6,0.062,0.66
710,2310,2.8,0.08,0.57
711,2311,3.0,0.093,0.61
712,2312,3.2,0.084,0.45
713,2313,2.3,0.075,0.46
714,2314,2.6,0.078,0.51
715,2315,2.7,0.069,0.48
716,2316,2.3,0.075,0.46
717,2317,2.6,0.079,0.57
718,2318,2.0,0.0819999999999999,0.44
719,2319,3.9,0.086,0.54
720,2320,2.0,0.0819999999999999,0.44
721,2321,2.85,0.094,0.53
722,2322,2.7,0.084,0.59
723,2323,2.2,0.053,1.62
724,2324,3.1,0.086,0.6
725,2325,3.0,0.077,0.55
726,2326,2.8,0.084,0.72
727,2327,1.8,0.067,0.68
728,2328,1.8,0.067,0.68
729,2329,3.2,0.071,0.49
730,2330,2.3,0.387,0.67
731,2331,3.45,0.088,0.52
732,2332,2.1,0.092,0.47
733,2333,2.7,0.0819999999999999,0.6
734,2334,2.0,0.075,0.62
735,2335,2.1,0.1119999999999999,0.5
736,2336,2.1,0.1119999999999999,0.5
737,2337,2.5,0.093,0.65
738,2338,2.8,0.092,0.56
739,2339,2.4,0.088,0.6
740,2340,4.2,0.075,0.68
741,2341,2.6,0.078,0.57
742,2342,1.9,0.065,0.65
743,2343,2.8,0.096,0.53
744,2344,2.7,0.095,0.51
745,2345,2.1,0.07,0.73
746,2346,2.5,0.08,0.47
747,2347,2.6,0.083,0.48
748,2348,2.1,0.071,0.72
749,2349,2.1,0.07,0.73
750,2350,2.9,0.089,0.55
751,2351,2.9,0.089,0.55
752,2352,2.5,0.0969999999999999,0.61
753,2353,2.9,0.089,0.55
754,2354,1.7,0.415,1.06
755,2355,1.9,0.0579999999999999,0.43
756,2356,2.0,0.057,0.46
757,2357,2.2,0.084,0.5
758,2358,2.2,0.084,0.5
759,2359,2.5,0.092,0.52
760,2360,2.8,0.075,0.57
761,2361,2.0,0.096,0.42
762,2362,1.7,0.069,0.53
763,2363,2.0,0.096,0.42
764,2364,2.8,0.093,0.55
765,2365,3.0,0.091,0.54
766,2366,2.9,0.089,0.54
767,2367,2.7,0.103,0.62
768,2368,2.3,0.0819999999999999,0.53
769,2369,1.9,0.076,0.54
770,2370,2.3,0.0819999999999999,0.53
771,2371,2.4,0.0819999999999999,0.55
772,2372,2.3,0.0819999999999999,0.55
773,2373,1.8,0.157,0.92
774,2374,1.8,0.157,0.91
775,2375,3.0,0.102,0.46
776,2376,2.4,0.243,0.6
777,2377,2.4,0.241,0.59
778,2378,3.4,0.079,0.61
779,2379,2.6,0.076,0.6
780,2380,2.0,0.19,0.6
781,2381,2.4,0.114,0.65
782,2382,2.4,0.081,0.53
783,2383,2.4,0.114,0.65
784,2384,2.5,0.077,0.59
785,2385,2.3,0.083,0.5
786,2386,2.3,0.083,0.5
787,2387,2.2,0.079,0.56
788,2388,2.2,0.079,0.56
789,2389,2.9,0.099,0.52
790,2390,2.6,0.0819999999999999,0.68
791,2391,2.9,0.084,0.54
792,2392,2.5,0.081,0.6
793,2393,2.6,0.055,0.56
794,2394,2.3,0.065,0.53
795,2395,2.6,0.132,1.18
796,2396,2.5,0.126,0.74
797,2397,1.6,0.038,0.81
798,2398,3.6,0.0819999999999999,0.52
799,2399,3.6,0.0819999999999999,0.52
800,2400,4.0,0.0819999999999999,0.51
801,2401,3.3,0.068,0.44
802,2402,1.7,0.044,0.94
803,2403,2.5,0.114,0.66
804,2404,2.7,0.084,0.57
805,2405,2.4,0.052,0.7
806,2406,2.0,0.0409999999999999,0.71
807,2407,2.4,0.052,0.7
808,2408,1.9,0.165,0.86
809,2409,2.8,0.07,0.55
810,2410,2.6,0.068,0.47
811,2411,2.8,0.072,0.68
812,2412,2.5,0.099,0.71
813,2413,2.1,0.102,0.58
814,2414,2.8,0.103,0.76
815,2415,2.5,0.099,0.71
816,2416,3.2,0.081,0.58
817,2417,1.6,0.084,0.73
818,2418,2.35,0.071,0.45
819,2419,3.2,0.0969999999999999,0.54
820,2420,1.9,0.099,0.6
821,2421,2.1,0.048,0.74
822,2422,2.0,0.076,0.64
823,2423,2.0,0.076,0.64
824,2424,2.8,0.068,0.53
825,2425,2.8,0.076,0.49
826,2426,2.3,0.05,0.64
827,2427,2.8,0.076,0.49
828,2428,2.3,0.065,0.74
829,2429,2.1,0.071,0.77
830,2430,2.5,0.0579999999999999,0.55
831,2431,2.1,0.071,0.77
832,2432,1.5,0.145,0.86
833,2433,1.6,0.147,0.86
834,2434,1.6,0.088,0.47
835,2435,1.5,0.066,0.51
836,2436,2.4,0.012,0.39
837,2437,2.4,0.012,0.39
838,2438,1.6,0.075,0.83
839,2439,2.2,0.092,0.47
840,2440,2.65,0.085,0.77
841,2441,3.0,0.115,0.63
842,2442,2.6,0.119,0.72
843,2443,2.0,0.088,0.62
844,2444,1.7,0.062,0.83
845,2445,1.8,0.081,0.66
846,2446,1.8,0.081,0.66
847,2447,1.8,0.078,0.7
848,2448,1.8,0.081,0.66
849,2449,1.6,0.08,0.66
850,2450,1.9,0.085,0.55
851,2451,1.9,0.085,0.55
852,2452,2.5,0.08,1.07
853,2453,1.5,0.08,0.73
854,2454,1.5,0.08,0.73
855,2455,2.5,0.071,0.71
856,2456,1.5,0.08,0.73
857,2457,2.5,0.073,0.78
858,2458,1.7,0.054,0.67
859,2459,1.8,0.074,0.82
860,2460,2.7,0.077,0.54
861,2461,2.0,0.039,0.6
862,2462,2.7,0.067,0.44
863,2463,2.5,0.078,0.53
864,2464,2.7,0.077,0.54
865,2465,2.6,0.077,0.54
866,2466,2.3,0.071,0.83
867,2467,2.0,0.072,0.84
868,2468,1.8,0.074,0.82
869,2469,2.0,0.08,0.64
870,2470,2.1,0.064,0.57
871,2471,1.5,0.086,0.57
872,2472,2.0,0.067,0.54
873,2473,1.6,0.067,0.58
874,2474,2.1,0.104,0.65
875,2475,2.8,0.109,0.79
876,2476,2.2,0.067,0.58
877,2477,2.1,0.064,0.57
878,2478,4.0,0.094,0.5
879,2479,2.5,0.076,0.55
880,2480,1.6,0.078,0.49
881,2481,2.1,0.068,0.65
882,2482,3.1,0.1939999999999999,0.78
883,2483,2.5,0.076,0.55
884,2484,4.0,0.094,0.5
885,2485,2.5,0.086,0.64
886,2486,2.4,0.083,0.65
887,2487,2.6,0.066,0.79
888,2488,2.5,0.072,0.56
889,2489,6.6,0.1119999999999999,0.68
890,2490,2.0,0.071,0.58
891,2491,2.3,0.078,0.57
892,2492,1.9,0.0819999999999999,0.65
893,2493,2.3,0.078,0.57
894,2494,2.2,0.08,0.58
895,2495,2.3,0.08,0.58
896,2496,2.4,0.078,0.77
897,2497,2.3,0.08,0.58
898,2498,2.4,0.078,0.77
899,2499,3.4,0.084,0.49
900,2500,2.6,0.0559999999999999,0.69
901,2501,2.4,0.08,0.69
902,2502,2.4,0.08,0.69
903,2503,6.0,0.06,0.59
904,2504,6.0,0.06,0.59
905,2505,3.0,0.081,0.59
906,2506,2.6,0.084,0.71
907,2507,2.2,0.079,0.54
908,2508,2.4,0.078,0.59
909,2509,1.2,0.059,0.52
910,2510,3.8,0.132,0.57
911,2511,9.0,0.114,0.6
912,2512,2.9,0.065,0.62
913,2513,4.6,0.094,0.64
914,2514,1.2,0.059,0.52
915,2515,2.2,0.079,0.67
916,2516,1.5,0.161,0.61
917,2517,8.8,0.084,0.64
918,2518,2.2,0.081,0.72
919,2519,1.8,0.072,0.89
920,2520,2.3,0.091,0.56
921,2521,2.2,0.081,0.72
922,2522,1.8,0.072,0.89
923,2523,8.8,0.084,0.64
924,2524,2.3,0.055,0.8
925,2525,1.9,0.064,0.87
926,2526,2.3,0.061,0.9
927,2527,2.2,0.093,0.59
928,2528,2.3,0.055,0.8
929,2529,3.3,0.063,0.73
930,2530,1.9,0.08,0.73
931,2531,2.0,0.074,0.65
932,2532,1.9,0.078,0.59
933,2533,2.0,0.074,0.65
934,2534,1.9,0.08,0.73
935,2535,2.3,0.06,0.72
936,2536,2.3,0.06,0.72
937,2537,1.4,0.071,0.6
938,2538,2.8,0.068,0.72
939,2539,1.6,0.073,0.54
940,2540,2.2,0.074,0.76
941,2541,5.0,0.0819999999999999,0.52
942,2542,2.6,0.092,0.64
943,2543,2.3,0.094,0.6
944,2544,3.8,0.09,0.64
945,2545,2.0,0.071,0.79
946,2546,4.1,0.092,0.99
947,2547,2.1,0.093,0.62
948,2548,1.8,0.075,0.76
949,2549,1.8,0.075,0.76
950,2550,1.8,0.075,0.76
951,2551,2.1,0.093,0.62
952,2552,2.2,0.0579999999999999,0.68
953,2553,2.1,0.052,0.69
954,2554,2.7,0.0819999999999999,0.54
955,2555,1.9,0.09,0.67
956,2556,2.1,0.111,0.62
957,2557,2.0,0.088,0.58
958,2558,2.3,0.12,0.71
959,2559,2.0,0.089,0.61
960,2560,1.9,0.0579999999999999,0.85
961,2561,1.6,0.078,0.62
962,2562,2.1,0.115,0.69
963,2563,2.0,0.1,0.69
964,2564,1.9,0.0579999999999999,0.85
965,2565,2.4,0.065,0.86
966,2566,2.4,0.103,0.58
967,2567,2.1,0.0969999999999999,0.48
968,2568,2.4,0.068,0.6
969,2569,2.9,0.079,0.61
970,2570,1.9,0.066,0.87
971,2571,1.9,0.066,0.87
972,2572,2.4,0.104,0.65
973,2573,1.7,0.079,0.63
974,2574,5.9,0.073,0.62
975,2575,2.1,0.083,0.52
976,2576,2.1,0.083,0.52
977,2577,2.6,0.109,0.5
978,2578,3.6,0.061,0.49
979,2579,1.4,0.075,0.63
980,2580,1.9,0.065,0.71
981,2581,1.9,0.079,0.62
982,2582,2.1,0.07,0.82
983,2583,1.9,0.065,0.71
984,2584,1.4,0.075,0.63
985,2585,2.0,0.064,0.58
986,2586,1.4,0.066,0.55
987,2587,1.6,0.08,0.5
988,2588,1.7,0.0969999999999999,0.49
989,2589,1.5,0.073,0.51
990,2590,1.7,0.0969999999999999,0.49
991,2591,2.0,0.0819999999999999,0.48
992,2592,2.0,0.076,0.48
993,2593,2.0,0.0819999999999999,0.48
994,2594,2.5,0.092,0.43
995,2595,2.0,0.079,0.62
996,2596,2.2,0.087,0.63
997,2597,2.2,0.087,0.63
998,2598,1.4,0.05,0.48
999,2599,1.65,0.055,0.53
1000,2600,2.2,0.062,0.72
1001,2601,1.5,0.0579999999999999,0.82
1002,2602,2.05,0.063,0.84
1003,2603,1.8,0.067,0.55
1004,2604,1.6,0.081,0.54
1005,2605,1.8,0.067,0.55
1006,2606,2.05,0.063,0.84
1007,2607,2.0,0.064,0.84
1008,2608,3.6,0.11,0.7
1009,2609,2.8,0.1159999999999999,0.68
1010,2610,1.7,0.067,0.55
1011,2611,2.0,0.088,0.55
1012,2612,2.1,0.102,0.48
1013,2613,1.6,0.092,0.58
1014,2614,2.0,0.12,0.58
1015,2615,2.2,0.075,0.84
1016,2616,2.2,0.068,0.75
1017,2617,0.9,0.049,0.44
1018,2618,0.9,0.049,0.44
1019,2619,1.8,0.078,0.61
1020,2620,2.4,0.123,0.53
1021,2621,2.4,0.123,0.53
1022,2622,2.1,0.062,0.54
1023,2623,2.3,0.098,0.55
1024,2624,1.8,0.088,0.56
1025,2625,2.8,0.095,0.6
1026,2626,1.9,0.066,0.56
1027,2627,2.2,0.065,0.52
1028,2628,2.5,0.075,0.54
1029,2629,1.8,0.088,0.56
1030,2630,2.1,0.091,0.55
1031,2631,1.8,0.093,0.58
1032,2632,4.1,0.095,0.53
1033,2633,2.6,0.089,0.59
1034,2634,2.5,0.077,0.47
1035,2635,2.4,0.085,0.65
1036,2636,2.5,0.0819999999999999,0.59
1037,2637,1.8,0.074,0.56
1038,2638,6.2,0.078,0.77
1039,2639,2.2,0.088,0.83
1040,2640,2.2,0.088,0.67
1041,2641,1.7,0.079,0.64
1042,2642,2.2,0.088,0.83
1043,2643,8.9,0.069,0.81
1044,2644,3.3,0.046,0.62
1045,2645,1.4,0.07,0.58
1046,2646,1.7,0.076,0.62
1047,2647,1.8,0.0819999999999999,0.64
1048,2648,1.7,0.081,0.78
1049,2649,1.8,0.084,0.77
1050,2650,1.8,0.0819999999999999,0.64
1051,2651,1.4,0.414,1.34
1052,2652,2.4,0.073,0.55
1053,2653,2.3,0.07,0.77
1054,2654,2.0,0.095,0.62
1055,2655,2.0,0.095,0.62
1056,2656,4.0,0.1009999999999999,0.59
1057,2657,3.9,0.104,0.57
1058,2658,2.4,0.093,0.76
1059,2659,4.0,0.1009999999999999,0.59
1060,2660,1.8,0.074,0.7
1061,2661,1.8,0.071,0.69
1062,2662,1.9,0.098,0.64
1063,2663,2.4,0.075,0.63
1064,2664,2.0,0.067,0.57
1065,2665,2.4,0.083,0.6
1066,2666,2.4,0.07,0.72
1067,2667,2.2,0.06,0.83
1068,2668,2.2,0.06,0.83
1069,2669,2.8,0.086,0.62
1070,2670,1.5,0.057,0.89
1071,2671,8.1,0.098,0.58
1072,2672,1.8,0.083,0.58
1073,2673,2.7,0.088,0.58
1074,2674,8.1,0.098,0.58
1075,2675,2.0,0.071,0.86
1076,2676,2.0,0.073,0.73
1077,2677,6.4,0.08,0.58
1078,2678,6.4,0.08,0.58
1079,2679,8.3,0.05,0.51
1080,2680,1.4,0.047,0.51
1081,2681,8.3,0.05,0.51
1082,2682,1.8,0.073,0.59
1083,2683,2.4,0.072,0.77
1084,2684,1.8,0.073,0.59
1085,2685,1.8,0.074,0.49
1086,2686,4.7,0.055,0.66
1087,2687,1.6,0.057,0.69
1088,2688,1.5,0.095,0.76
1089,2689,1.5,0.095,0.76
1090,2690,1.9,0.083,0.63
1091,2691,2.0,0.086,0.6
1092,2692,2.0,0.081,0.59
1093,2693,2.2,0.079,0.86
1094,2694,5.5,0.1169999999999999,0.49
1095,2695,2.5,0.087,0.5
1096,2696,5.5,0.1169999999999999,0.49
1097,2697,1.5,0.096,0.52
1098,2698,2.1,0.216,0.81
1099,2699,1.5,0.096,0.52
1100,2700,2.1,0.072,0.78
1101,2701,2.1,0.071,0.63
1102,2702,1.7,0.078,0.54
1103,2703,2.1,0.071,0.63
1104,2704,2.2,0.073,0.66
1105,2705,2.1,0.048,0.6
1106,2706,1.9,0.069,0.54
1107,2707,2.0,0.068,0.85
1108,2708,3.3,0.09,0.49
1109,2709,2.1,0.171,0.76
1110,2710,1.4,0.07,0.64
1111,2711,2.0,0.092,0.64
1112,2712,1.5,0.0559999999999999,0.71
1113,2713,1.6,0.074,0.59
1114,2714,4.3,0.046,0.66
1115,2715,2.5,0.091,0.6
1116,2716,2.5,0.091,0.6
1117,2717,2.5,0.091,0.6
1118,2718,2.1,0.065,0.53
1119,2719,2.5,0.066,0.58
1120,2720,2.5,0.076,0.72
1121,2721,1.8,0.062,0.55
1122,2722,1.4,0.055,0.48
1123,2723,1.9,0.081,0.65
1124,2724,2.2,0.096,0.62
1125,2725,1.7,0.055,0.59
1126,2726,1.7,0.063,0.54
1127,2727,2.9,0.072,0.6
1128,2728,2.7,0.095,0.68
1129,2729,3.3,0.092,0.69
1130,2730,1.9,0.0579999999999999,0.63
1131,2731,1.7,0.045,0.44
1132,2732,1.8,0.075,0.88
1133,2733,5.5,0.089,0.68
1134,2734,1.7,0.061,0.74
1135,2735,1.7,0.067,0.6
1136,2736,2.0,0.08,0.76
1137,2737,2.0,0.08,0.76
1138,2738,3.7,0.104,0.58
1139,2739,2.0,0.079,0.64
1140,2740,1.7,0.08,0.65
1141,2741,2.5,0.08,0.85
1142,2742,2.4,0.043,0.65
1143,2743,1.8,0.065,0.82
1144,2744,2.3,0.066,0.62
1145,2745,2.5,0.076,0.81
1146,2746,1.8,0.178,0.87
1147,2747,6.2,0.071,0.49
1148,2748,2.0,0.086,0.66
1149,2749,2.0,0.061,0.52
1150,2750,2.8,0.067,0.76
1151,2751,2.5,0.044,0.65
1152,2752,2.2,0.118,0.53
1153,2753,2.1,0.083,0.66
1154,2754,2.2,0.1,0.68
1155,2755,2.2,0.118,0.53
1156,2756,1.75,0.071,0.76
1157,2757,2.1,0.042,0.87
1158,2758,2.8,0.076,1.16
1159,2759,2.2,0.11,0.67
1160,2760,2.3,0.087,0.72
1161,2761,1.4,0.076,0.75
1162,2762,2.3,0.075,0.71
1163,2763,1.7,0.078,0.67
1164,2764,1.7,0.078,0.67
1165,2765,1.9,0.369,1.1
1166,2766,2.0,0.111,0.98
1167,2767,2.5,0.074,0.88
1168,2768,2.8,0.067,0.56
1169,2769,2.3,0.086,0.62
1170,2770,1.6,0.062,0.67
1171,2771,2.2,0.078,0.68
1172,2772,2.1,0.074,0.74
1173,2773,1.7,0.079,0.62
1174,2774,1.7,0.079,0.62
1175,2775,2.2,0.095,0.7
1176,2776,5.6,0.079,0.5
1177,2777,2.4,0.052,0.66
1178,2778,2.1,0.0409999999999999,0.73
1179,2779,2.4,0.076,0.81
1180,2780,2.4,0.076,0.81
1181,2781,1.65,0.068,0.46
1182,2782,2.5,0.068,0.86
1183,2783,1.6,0.07,0.6
1184,2784,2.1,0.08,0.7
1185,2785,2.0,0.085,0.46
1186,2786,7.8,0.079,0.5
1187,2787,2.0,0.085,0.46
1188,2788,2.1,0.08,0.7
1189,2789,1.8,0.075,0.44
1190,2790,4.6,0.08,0.57
1191,2791,2.3,0.166,0.51
1192,2792,2.5,0.063,0.8
1193,2793,2.3,0.166,0.51
1194,2794,1.8,0.114,0.59
1195,2795,1.8,0.078,0.6
1196,2796,2.3,0.076,0.58
1197,2797,1.5,0.069,0.54
1198,2798,2.0,0.052,0.79
1199,2799,2.3,0.076,0.58
1200,2800,1.5,0.069,0.54
1201,2801,1.9,0.065,0.54
1202,2802,1.8,0.068,0.69
1203,2803,5.8,0.111,0.55
1204,2804,2.1,0.074,0.85
1205,2805,2.1,0.074,0.85
1206,2806,2.1,0.074,0.85
1207,2807,1.7,0.136,0.94
1208,2808,2.1,0.074,0.85
1209,2809,2.0,0.071,0.87
1210,2810,2.1,0.078,0.62
1211,2811,2.1,0.076,0.62
1212,2812,2.1,0.078,0.62
1213,2813,1.9,0.071,0.75
1214,2814,1.9,0.081,0.48
1215,2815,2.1,0.095,0.56
1216,2816,2.0,0.079,0.69
1217,2817,1.9,0.057,0.81
1218,2818,1.9,0.0819999999999999,0.69
1219,2819,1.3,0.044,0.83
1220,2820,1.8,0.132,0.77
1221,2821,1.8,0.132,0.77
1222,2822,2.2,0.078,0.46
1223,2823,2.2,0.074,0.76
1224,2824,2.5,0.08,0.82
1225,2825,2.6,0.091,0.51
1226,2826,4.1,0.08,0.47
1227,2827,2.0,0.104,0.72
1228,2828,1.8,0.044,0.73
1229,2829,2.1,0.075,0.64
1230,2830,2.7,0.066,0.78
1231,2831,2.6,0.074,0.62
1232,2832,2.1,0.075,0.64
1233,2833,2.2,0.057,0.49
1234,2834,2.2,0.059,0.4
1235,2835,12.9,0.054,0.56
1236,2836,1.7,0.07,0.64
1237,2837,2.2,0.059,0.4
1238,2838,2.5,0.081,0.46
1239,2839,4.3,0.057,0.56
1240,2840,1.7,0.076,0.4
1241,2841,2.5,0.079,0.59
1242,2842,2.0,0.0579999999999999,0.6
1243,2843,2.4,0.0819999999999999,0.62
1244,2844,13.4,0.067,0.54
1245,2845,1.8,0.0819999999999999,0.68
1246,2846,1.7,0.086,0.48
1247,2847,1.8,0.0819999999999999,0.68
1248,2848,2.2,0.081,0.75
1249,2849,2.3,0.079,0.61
1250,2850,2.3,0.079,0.61
1251,2851,2.2,0.077,0.59
1252,2852,1.8,0.123,0.58
1253,2853,1.4,0.096,0.58
1254,2854,1.9,0.079,0.69
1255,2855,2.4,0.069,0.45
1256,2856,1.8,0.0819999999999999,0.42
1257,2857,4.8,0.085,0.7
1258,2858,2.7,0.123,0.63
1259,2859,2.7,0.123,0.63
1260,2860,1.8,0.4029999999999999,1.15
1261,2861,2.0,0.083,0.55
1262,2862,2.5,0.081,0.58
1263,2863,2.2,0.089,0.46
1264,2864,1.8,0.066,0.72
1265,2865,2.3,0.081,0.6
1266,2866,2.3,0.081,0.6
1267,2867,2.3,0.068,0.87
1268,2868,2.0,0.079,0.55
1269,2869,1.8,0.044,0.82
1270,2870,1.6,0.048,0.75
1271,2871,1.6,0.049,0.57
1272,2872,1.9,0.077,0.53
1273,2873,2.0,0.073,0.43
1274,2874,2.1,0.102,0.53
1275,2875,2.3,0.075,0.54
1276,2876,6.3,0.05,0.56
1277,2877,1.9,0.114,0.6
1278,2878,2.3,0.075,0.54
1279,2879,1.7,0.062,0.57
1280,2880,1.9,0.077,0.64
1281,2881,1.9,0.077,0.64
1282,2882,2.0,0.084,0.68
1283,2883,2.7,0.096,0.63
1284,2884,2.3,0.071,0.56
1285,2885,1.8,0.09,0.57
1286,2886,2.5,0.068,0.54
1287,2887,2.6,0.0559999999999999,0.37
1288,2888,4.5,0.068,1.17
1289,2889,4.5,0.068,1.17
1290,2890,1.9,0.1,0.59
1291,2891,2.1,0.073,0.75
1292,2892,2.4,0.0559999999999999,0.67
1293,2893,1.9,0.084,0.49
1294,2894,2.1,0.073,0.75
1295,2895,4.3,0.093,0.45
1296,2896,4.3,0.093,0.45
1297,2897,2.1,0.064,0.61
1298,2898,1.4,0.063,0.56
1299,2899,2.1,0.1369999999999999,0.4
1300,2900,2.15,0.08,0.61
1301,2901,2.0,0.1,0.74
1302,2902,2.1,0.064,0.8
1303,2903,1.8,0.081,0.66
1304,2904,2.3,0.087,0.44
1305,2905,1.9,0.073,0.53
1306,2906,2.5,0.088,0.62
1307,2907,3.9,0.068,0.52
1308,2908,2.5,0.088,0.62
1309,2909,1.4,0.071,0.61
1310,2910,1.9,0.073,0.53
1311,2911,3.0,0.064,0.59
1312,2912,1.9,0.083,0.47
1313,2913,2.3,0.086,0.54
1314,2914,2.4,0.086,0.53
1315,2915,2.0,0.083,0.58
1316,2916,1.2,0.0409999999999999,0.59
1317,2917,2.2,0.091,0.69
1318,2918,2.0,0.083,0.58
1319,2919,1.7,0.414,1.33
1320,2920,2.6,0.094,0.66
1321,2921,1.2,0.0409999999999999,0.59
1322,2922,1.8,0.0579999999999999,0.55
1323,2923,1.8,0.06,0.82
1324,2924,1.7,0.077,0.6
1325,2925,1.7,0.077,0.6
1326,2926,1.7,0.077,0.6
1327,2927,1.7,0.077,0.6
1328,2928,1.8,0.073,0.52
1329,2929,2.1,0.083,0.56
1330,2930,2.1,0.083,0.56
1331,2931,3.8,0.107,0.46
1332,2932,1.7,0.075,0.43
1333,2933,2.2,0.079,0.51
1334,2934,2.0,0.166,0.52
1335,2935,2.4,0.069,0.66
1336,2936,1.4,0.057,0.45
1337,2937,1.4,0.057,0.45
1338,2938,1.4,0.057,0.45
1339,2939,1.7,0.084,0.54
1340,2940,1.7,0.084,0.54
1341,2941,1.7,0.084,0.54
1342,2942,1.7,0.085,0.51
1343,2943,1.7,0.084,0.54
1344,2944,2.6,0.077,0.53
1345,2945,2.3,0.063,0.53
1346,2946,2.1,0.0559999999999999,0.56
1347,2947,1.8,0.078,0.39
1348,2948,1.8,0.078,0.39
1349,2949,2.8,0.081,0.52
1350,2950,2.0,0.069,0.57
1351,2951,2.3,0.065,0.51
1352,2952,1.9,0.086,0.46
1353,2953,1.9,0.086,0.46
1354,2954,2.3,0.077,0.52
1355,2955,1.8,0.086,0.44
1356,2956,1.8,0.084,0.44
1357,2957,2.5,0.078,0.59
1358,2958,5.4,0.168,0.5
1359,2959,1.4,0.091,0.65
1360,2960,2.3,0.1119999999999999,0.56
1361,2961,2.5,0.093,0.54
1362,2962,1.4,0.091,0.65
1363,2963,2.0,0.08,0.48
1364,2964,1.9,0.096,0.53
1365,2965,2.2,0.115,0.62
1366,2966,1.7,0.094,0.5
1367,2967,2.2,0.088,1.18
1368,2968,2.1,0.079,0.5
1369,2969,1.6,0.069,0.37
1370,2970,1.7,0.415,1.17
1371,2971,3.1,0.153,1.03
1372,2972,1.7,0.415,1.17
1373,2973,3.8,0.11,0.45
1374,2974,1.2,0.267,0.51
1375,2975,2.0,0.083,0.52
1376,2976,1.4,0.086,0.46
1377,2977,2.3,0.09,0.62
1378,2978,2.0,0.078,0.51
1379,2979,2.6,0.077,0.62
1380,2980,2.6,0.077,0.62
1381,2981,1.8,0.074,0.45
1382,2982,2.1,0.08,0.49
1383,2983,2.1,0.08,0.49
1384,2984,1.8,0.107,0.5
1385,2985,3.4,0.076,0.42
1386,2986,1.8,0.1,0.58
1387,2987,1.8,0.1,0.58
1388,2988,6.1,0.083,0.68
1389,2989,2.2,0.08,0.53
1390,2990,2.3,0.068,0.59
1391,2991,2.4,0.094,0.58
1392,2992,1.3,0.07,0.48
1393,2993,2.0,0.078,0.48
1394,2994,3.9,0.07,0.48
1395,2995,1.6,0.092,0.65
1396,2996,1.6,0.09,0.65
1397,2997,2.0,0.08,0.52
1398,2998,2.2,0.083,0.62
1399,2999,2.2,0.068,0.72
1400,3000,2.1,0.08,0.51
1401,3001,2.1,0.08,0.51
1402,3002,2.0,0.052,0.82
1403,3003,1.7,0.061,1.1
1404,3004,2.6,0.0819999999999999,0.62
1405,3005,2.0,0.062,0.9
1406,3006,5.1,0.062,0.94
1407,3007,2.1,0.064,0.93
1408,3008,2.2,0.048,1.01
1409,3009,2.1,0.064,0.93
1410,3010,1.8,0.0819999999999999,0.44
1411,3011,2.4,0.071,0.73
1412,3012,5.1,0.062,0.94
1413,3013,2.0,0.104,0.9
1414,3014,2.2,0.077,0.78
1415,3015,1.6,0.065,0.84
1416,3016,2.2,0.077,0.78
1417,3017,2.5,0.064,0.77
1418,3018,1.6,0.077,0.46
1419,3019,2.2,0.077,0.45
1420,3020,1.6,0.077,0.46
1421,3021,1.6,0.079,0.58
1422,3022,2.1,0.079,0.84
1423,3023,3.9,0.123,0.67
1424,3024,1.4,0.076,0.7
1425,3025,1.4,0.076,0.7
1426,3026,1.8,0.046,0.71
1427,3027,2.5,0.078,0.58
1428,3028,1.9,0.072,0.63
1429,3029,2.2,0.049,0.93
1430,3030,1.8,0.066,0.62
1431,3031,2.1,0.069,0.54
1432,3032,1.6,0.042,0.85
1433,3033,1.8,0.069,0.74
1434,3034,15.4,0.214,0.77
1435,3035,15.4,0.214,0.77
1436,3036,1.6,0.1689999999999999,0.65
1437,3037,4.8,0.07,0.54
1438,3038,1.7,0.052,0.47
1439,3039,2.2,0.072,0.68
1440,3040,2.0,0.062,0.73
1441,3041,5.2,0.094,0.52
1442,3042,1.9,0.078,0.75
1443,3043,1.75,0.0579999999999999,0.49
1444,3044,2.2,0.072,0.68
1445,3045,5.2,0.094,0.52
1446,3046,1.9,0.078,0.75
1447,3047,1.9,0.08,0.74
1448,3048,1.9,0.08,0.73
1449,3049,2.0,0.0559999999999999,0.76
1450,3050,2.0,0.062,0.73
1451,3051,2.7,0.104,0.78
1452,3052,2.0,0.062,0.76
1453,3053,1.9,0.074,0.58
1454,3054,2.2,0.073,0.69
1455,3055,1.6,0.052,0.63
1456,3056,1.8,0.05,0.5
1457,3057,1.9,0.074,0.58
1458,3058,1.7,0.067,0.6
1459,3059,1.7,0.054,0.8
1460,3060,2.3,0.054,0.68
1461,3061,2.1,0.06,0.61
1462,3062,2.3,0.075,0.58
1463,3063,2.4,0.076,0.53
1464,3064,1.7,0.063,0.67
1465,3065,1.7,0.063,0.67
1466,3066,2.1,0.062,0.65
1467,3067,2.3,0.067,0.57
1468,3068,2.1,0.062,0.65
1469,3069,2.1,0.061,0.55
1470,3070,1.4,0.084,0.47
1471,3071,3.75,0.067,0.52
1472,3072,2.6,0.073,0.79
1473,3073,1.8,0.071,0.54
1474,3074,13.8,0.205,0.75
1475,3075,2.2,0.048,0.88
1476,3076,13.8,0.205,0.75
1477,3077,2.2,0.048,0.88
1478,3078,5.7,0.0819999999999999,0.52
1479,3079,3.0,0.104,0.68
1480,3080,1.5,0.08,0.62
1481,3081,3.0,0.104,0.68
1482,3082,2.1,0.114,0.57
1483,3083,1.5,0.042,0.61
1484,3084,2.0,0.06,0.64
1485,3085,2.1,0.074,0.55
1486,3086,2.1,0.07,0.6
1487,3087,1.9,0.066,0.78
1488,3088,1.7,0.049,0.58
1489,3089,2.1,0.048,0.76
1490,3090,1.8,0.039,0.56
1491,3091,1.7,0.049,0.58
1492,3092,1.6,0.05,0.54
1493,3093,1.9,0.089,0.59
1494,3094,1.4,0.066,0.7
1495,3095,1.9,0.08,0.81
1496,3096,1.9,0.089,0.59
1497,3097,2.3,0.054,0.63
1498,3098,2.3,0.068,0.58
1499,3099,2.3,0.054,0.63
1500,3100,1.5,0.076,0.53
1501,3101,4.3,0.083,0.53
1502,3102,2.4,0.078,0.54
1503,3103,2.5,0.077,0.69
1504,3104,2.3,0.106,0.55
1505,3105,1.8,0.078,0.63
1506,3106,2.0,0.07,0.66
1507,3107,2.3,0.106,0.55
1508,3108,2.1,0.074,0.72
1509,3109,1.8,0.062,0.7
1510,3110,2.2,0.047,0.77
1511,3111,2.1,0.068,0.67
1512,3112,2.2,0.061,0.65
1513,3113,1.8,0.078,0.6
1514,3114,4.1,0.074,0.72
1515,3115,4.1,0.074,0.72
1516,3116,2.3,0.071,0.97
1517,3117,2.0,0.063,0.83
1518,3118,2.2,0.114,0.63
1519,3119,2.6,0.106,0.58
1520,3120,2.0,0.063,0.83
1521,3121,1.9,0.0819999999999999,0.43
1522,3122,2.3,0.071,0.97
1523,3123,2.0,0.076,0.6
1524,3124,2.0,0.075,0.78
1525,3125,2.1,0.064,0.64
1526,3126,2.2,0.064,0.65
1527,3127,1.7,0.071,0.66
1528,3128,2.2,0.096,0.67
1529,3129,2.1,0.063,0.6
1530,3130,2.2,0.063,0.69
1531,3131,2.8,0.081,0.66
1532,3132,2.0,0.0579999999999999,0.68
1533,3133,1.9,0.074,0.61
1534,3134,2.4,0.064,0.62
1535,3135,2.2,0.075,0.59
1536,3136,1.9,0.077,0.68
1537,3137,1.9,0.059,0.64
1538,3138,2.5,0.081,0.63
1539,3139,1.8,0.065,0.78
1540,3140,4.4,0.071,0.63
1541,3141,2.2,0.054,0.76
1542,3142,1.9,0.064,0.56
1543,3143,2.2,0.064,0.57
1544,3144,2.3,0.063,0.81
1545,3145,1.8,0.059,0.64
1546,3146,2.0,0.072,0.61
1547,3147,1.6,0.048,0.51
1548,3148,2.0,0.099,0.58
1549,3149,1.8,0.074,0.7
1550,3150,2.3,0.087,0.53
1551,3151,2.3,0.083,0.54
1552,3152,3.7,0.103,0.66
1553,3153,2.2,0.08,0.6
1554,3154,2.4,0.062,0.6
1555,3155,1.7,0.065,0.68
1556,3156,2.2,0.066,0.56
1557,3157,2.4,0.062,0.6
1558,3158,6.7,0.235,0.56
1559,3159,2.0,0.08,0.52
1560,3160,2.0,0.08,0.52
1561,3161,2.0,0.08,0.52
1562,3162,2.0,0.076,0.54
1563,3163,2.0,0.076,0.54
1564,3164,2.0,0.076,0.54
1565,3165,1.9,0.061,0.82
1566,3166,2.1,0.059,0.71
1567,3167,2.0,0.076,0.54
1568,3168,1.6,0.077,0.59
1569,3169,1.9,0.0559999999999999,0.57
1570,3170,2.2,0.23,0.93
1571,3171,2.2,0.038,0.65
1572,3172,2.2,0.069,0.51
1573,3173,2.4,0.075,0.67
1574,3174,13.9,0.074,0.48
1575,3175,2.2,0.06,0.64
1576,3176,1.6,0.081,0.78
1577,3177,5.1,0.076,0.6
1578,3178,1.8,0.118,0.67
1579,3179,1.7,0.053,0.6
1580,3180,2.4,0.068,0.6
1581,3181,1.7,0.053,0.6
1582,3182,2.6,0.053,0.5
1583,3183,2.1,0.074,0.62
1584,3184,2.4,0.061,0.8
1585,3185,2.6,0.066,0.84
1586,3186,2.4,0.065,0.85
1587,3187,1.8,0.066,0.66
1588,3188,2.5,0.068,0.78
1589,3189,7.8,0.073,0.54
1590,3190,1.8,0.077,0.82
1591,3191,1.7,0.089,0.56
1592,3192,2.3,0.076,0.75
1593,3193,1.9,0.068,0.82
1594,3194,2.0,0.09,0.58
1595,3195,2.2,0.062,0.76
1596,3196,2.3,0.076,0.75
1597,3197,2.0,0.075,0.71
1598,3198,3.6,0.067,0.66
